FREQ,M
Frequency,Monthly
REF_AREA,NZ
Reference area,New Zealand
CURRENCY,NZD
Currency,New Zealand dollar
COLLECTION,E
Collection,End of period
UNIT_MULT,0
Unit Multiplier,Units
DECIMALS,6
Decimals,Six
AVAILABILITY,A
Availability,All users
TITLE, Exchange rates against USD New Zealand - New Zealand dollar - Monthly - End of period
Series,M:NZ:NZD:E
1791,
1791-01,
1791-02,
1791-03,
1791-04,
1791-05,
1791-06,
1791-07,
1791-08,
1791-09,
1791-10,
1791-11,
1791-12,
1791-Q1,
1791-Q2,
1791-Q3,
1791-Q4,
1792,
1792-01,
1792-02,
1792-03,
1792-04,
1792-05,
1792-06,
1792-07,
1792-08,
1792-09,
1792-10,
1792-11,
1792-12,
1792-Q1,
1792-Q2,
1792-Q3,
1792-Q4,
1793,
1793-01,
1793-02,
1793-03,
1793-04,
1793-05,
1793-06,
1793-07,
1793-08,
1793-09,
1793-10,
1793-11,
1793-12,
1793-Q1,
1793-Q2,
1793-Q3,
1793-Q4,
1794,
1794-01,
1794-02,
1794-03,
1794-04,
1794-05,
1794-06,
1794-07,
1794-08,
1794-09,
1794-10,
1794-11,
1794-12,
1794-Q1,
1794-Q2,
1794-Q3,
1794-Q4,
1795,
1795-01,
1795-02,
1795-03,
1795-04,
1795-05,
1795-06,
1795-07,
1795-08,
1795-09,
1795-10,
1795-11,
1795-12,
1795-Q1,
1795-Q2,
1795-Q3,
1795-Q4,
1796,
1796-01,
1796-02,
1796-03,
1796-04,
1796-05,
1796-06,
1796-07,
1796-08,
1796-09,
1796-10,
1796-11,
1796-12,
1796-Q1,
1796-Q2,
1796-Q3,
1796-Q4,
1797,
1797-01,
1797-02,
1797-03,
1797-04,
1797-05,
1797-06,
1797-07,
1797-08,
1797-09,
1797-10,
1797-11,
1797-12,
1797-Q1,
1797-Q2,
1797-Q3,
1797-Q4,
1798,
1798-01,
1798-02,
1798-03,
1798-04,
1798-05,
1798-06,
1798-07,
1798-08,
1798-09,
1798-10,
1798-11,
1798-12,
1798-Q1,
1798-Q2,
1798-Q3,
1798-Q4,
1799,
1799-01,
1799-02,
1799-03,
1799-04,
1799-05,
1799-06,
1799-07,
1799-08,
1799-09,
1799-10,
1799-11,
1799-12,
1799-Q1,
1799-Q2,
1799-Q3,
1799-Q4,
1800,
1800-01,
1800-02,
1800-03,
1800-04,
1800-05,
1800-06,
1800-07,
1800-08,
1800-09,
1800-10,
1800-11,
1800-12,
1800-Q1,
1800-Q2,
1800-Q3,
1800-Q4,
1801,
1801-01,
1801-02,
1801-03,
1801-04,
1801-05,
1801-06,
1801-07,
1801-08,
1801-09,
1801-10,
1801-11,
1801-12,
1801-Q1,
1801-Q2,
1801-Q3,
1801-Q4,
1802,
1802-01,
1802-02,
1802-03,
1802-04,
1802-05,
1802-06,
1802-07,
1802-08,
1802-09,
1802-10,
1802-11,
1802-12,
1802-Q1,
1802-Q2,
1802-Q3,
1802-Q4,
1803,
1803-01,
1803-02,
1803-03,
1803-04,
1803-05,
1803-06,
1803-07,
1803-08,
1803-09,
1803-10,
1803-11,
1803-12,
1803-Q1,
1803-Q2,
1803-Q3,
1803-Q4,
1804,
1804-01,
1804-02,
1804-03,
1804-04,
1804-05,
1804-06,
1804-07,
1804-08,
1804-09,
1804-10,
1804-11,
1804-12,
1804-Q1,
1804-Q2,
1804-Q3,
1804-Q4,
1805,
1805-01,
1805-02,
1805-03,
1805-04,
1805-05,
1805-06,
1805-07,
1805-08,
1805-09,
1805-10,
1805-11,
1805-12,
1805-Q1,
1805-Q2,
1805-Q3,
1805-Q4,
1806,
1806-01,
1806-02,
1806-03,
1806-04,
1806-05,
1806-06,
1806-07,
1806-08,
1806-09,
1806-10,
1806-11,
1806-12,
1806-Q1,
1806-Q2,
1806-Q3,
1806-Q4,
1807,
1807-01,
1807-02,
1807-03,
1807-04,
1807-05,
1807-06,
1807-07,
1807-08,
1807-09,
1807-10,
1807-11,
1807-12,
1807-Q1,
1807-Q2,
1807-Q3,
1807-Q4,
1808,
1808-01,
1808-02,
1808-03,
1808-04,
1808-05,
1808-06,
1808-07,
1808-08,
1808-09,
1808-10,
1808-11,
1808-12,
1808-Q1,
1808-Q2,
1808-Q3,
1808-Q4,
1809,
1809-01,
1809-02,
1809-03,
1809-04,
1809-05,
1809-06,
1809-07,
1809-08,
1809-09,
1809-10,
1809-11,
1809-12,
1809-Q1,
1809-Q2,
1809-Q3,
1809-Q4,
1810,
1810-01,
1810-02,
1810-03,
1810-04,
1810-05,
1810-06,
1810-07,
1810-08,
1810-09,
1810-10,
1810-11,
1810-12,
1810-Q1,
1810-Q2,
1810-Q3,
1810-Q4,
1811,
1811-01,
1811-02,
1811-03,
1811-04,
1811-05,
1811-06,
1811-07,
1811-08,
1811-09,
1811-10,
1811-11,
1811-12,
1811-Q1,
1811-Q2,
1811-Q3,
1811-Q4,
1812,
1812-01,
1812-02,
1812-03,
1812-04,
1812-05,
1812-06,
1812-07,
1812-08,
1812-09,
1812-10,
1812-11,
1812-12,
1812-Q1,
1812-Q2,
1812-Q3,
1812-Q4,
1813,
1813-01,
1813-02,
1813-03,
1813-04,
1813-05,
1813-06,
1813-07,
1813-08,
1813-09,
1813-10,
1813-11,
1813-12,
1813-Q1,
1813-Q2,
1813-Q3,
1813-Q4,
1814,
1814-01,
1814-02,
1814-03,
1814-04,
1814-05,
1814-06,
1814-07,
1814-08,
1814-09,
1814-10,
1814-11,
1814-12,
1814-Q1,
1814-Q2,
1814-Q3,
1814-Q4,
1815,
1815-01,
1815-02,
1815-03,
1815-04,
1815-05,
1815-06,
1815-07,
1815-08,
1815-09,
1815-10,
1815-11,
1815-12,
1815-Q1,
1815-Q2,
1815-Q3,
1815-Q4,
1816,
1816-01,
1816-02,
1816-03,
1816-04,
1816-05,
1816-06,
1816-07,
1816-08,
1816-09,
1816-10,
1816-11,
1816-12,
1816-Q1,
1816-Q2,
1816-Q3,
1816-Q4,
1817,
1817-01,
1817-02,
1817-03,
1817-04,
1817-05,
1817-06,
1817-07,
1817-08,
1817-09,
1817-10,
1817-11,
1817-12,
1817-Q1,
1817-Q2,
1817-Q3,
1817-Q4,
1818,
1818-01,
1818-02,
1818-03,
1818-04,
1818-05,
1818-06,
1818-07,
1818-08,
1818-09,
1818-10,
1818-11,
1818-12,
1818-Q1,
1818-Q2,
1818-Q3,
1818-Q4,
1819,
1819-01,
1819-02,
1819-03,
1819-04,
1819-05,
1819-06,
1819-07,
1819-08,
1819-09,
1819-10,
1819-11,
1819-12,
1819-Q1,
1819-Q2,
1819-Q3,
1819-Q4,
1820,
1820-01,
1820-02,
1820-03,
1820-04,
1820-05,
1820-06,
1820-07,
1820-08,
1820-09,
1820-10,
1820-11,
1820-12,
1820-Q1,
1820-Q2,
1820-Q3,
1820-Q4,
1821,
1821-01,
1821-02,
1821-03,
1821-04,
1821-05,
1821-06,
1821-07,
1821-08,
1821-09,
1821-10,
1821-11,
1821-12,
1821-Q1,
1821-Q2,
1821-Q3,
1821-Q4,
1822,
1822-01,
1822-02,
1822-03,
1822-04,
1822-05,
1822-06,
1822-07,
1822-08,
1822-09,
1822-10,
1822-11,
1822-12,
1822-Q1,
1822-Q2,
1822-Q3,
1822-Q4,
1823,
1823-01,
1823-02,
1823-03,
1823-04,
1823-05,
1823-06,
1823-07,
1823-08,
1823-09,
1823-10,
1823-11,
1823-12,
1823-Q1,
1823-Q2,
1823-Q3,
1823-Q4,
1824,
1824-01,
1824-02,
1824-03,
1824-04,
1824-05,
1824-06,
1824-07,
1824-08,
1824-09,
1824-10,
1824-11,
1824-12,
1824-Q1,
1824-Q2,
1824-Q3,
1824-Q4,
1825,
1825-01,
1825-02,
1825-03,
1825-04,
1825-05,
1825-06,
1825-07,
1825-08,
1825-09,
1825-10,
1825-11,
1825-12,
1825-Q1,
1825-Q2,
1825-Q3,
1825-Q4,
1826,
1826-01,
1826-02,
1826-03,
1826-04,
1826-05,
1826-06,
1826-07,
1826-08,
1826-09,
1826-10,
1826-11,
1826-12,
1826-Q1,
1826-Q2,
1826-Q3,
1826-Q4,
1827,
1827-01,
1827-02,
1827-03,
1827-04,
1827-05,
1827-06,
1827-07,
1827-08,
1827-09,
1827-10,
1827-11,
1827-12,
1827-Q1,
1827-Q2,
1827-Q3,
1827-Q4,
1828,
1828-01,
1828-02,
1828-03,
1828-04,
1828-05,
1828-06,
1828-07,
1828-08,
1828-09,
1828-10,
1828-11,
1828-12,
1828-Q1,
1828-Q2,
1828-Q3,
1828-Q4,
1829,
1829-01,
1829-02,
1829-03,
1829-04,
1829-05,
1829-06,
1829-07,
1829-08,
1829-09,
1829-10,
1829-11,
1829-12,
1829-Q1,
1829-Q2,
1829-Q3,
1829-Q4,
1830,
1830-01,
1830-02,
1830-03,
1830-04,
1830-05,
1830-06,
1830-07,
1830-08,
1830-09,
1830-10,
1830-11,
1830-12,
1830-Q1,
1830-Q2,
1830-Q3,
1830-Q4,
1831,
1831-01,
1831-02,
1831-03,
1831-04,
1831-05,
1831-06,
1831-07,
1831-08,
1831-09,
1831-10,
1831-11,
1831-12,
1831-Q1,
1831-Q2,
1831-Q3,
1831-Q4,
1832,
1832-01,
1832-02,
1832-03,
1832-04,
1832-05,
1832-06,
1832-07,
1832-08,
1832-09,
1832-10,
1832-11,
1832-12,
1832-Q1,
1832-Q2,
1832-Q3,
1832-Q4,
1833,
1833-01,
1833-02,
1833-03,
1833-04,
1833-05,
1833-06,
1833-07,
1833-08,
1833-09,
1833-10,
1833-11,
1833-12,
1833-Q1,
1833-Q2,
1833-Q3,
1833-Q4,
1834,
1834-01,
1834-02,
1834-03,
1834-04,
1834-05,
1834-06,
1834-07,
1834-08,
1834-09,
1834-10,
1834-11,
1834-12,
1834-Q1,
1834-Q2,
1834-Q3,
1834-Q4,
1835,
1835-01,
1835-02,
1835-03,
1835-04,
1835-05,
1835-06,
1835-07,
1835-08,
1835-09,
1835-10,
1835-11,
1835-12,
1835-Q1,
1835-Q2,
1835-Q3,
1835-Q4,
1836,
1836-01,
1836-02,
1836-03,
1836-04,
1836-05,
1836-06,
1836-07,
1836-08,
1836-09,
1836-10,
1836-11,
1836-12,
1836-Q1,
1836-Q2,
1836-Q3,
1836-Q4,
1837,
1837-01,
1837-02,
1837-03,
1837-04,
1837-05,
1837-06,
1837-07,
1837-08,
1837-09,
1837-10,
1837-11,
1837-12,
1837-Q1,
1837-Q2,
1837-Q3,
1837-Q4,
1838,
1838-01,
1838-02,
1838-03,
1838-04,
1838-05,
1838-06,
1838-07,
1838-08,
1838-09,
1838-10,
1838-11,
1838-12,
1838-Q1,
1838-Q2,
1838-Q3,
1838-Q4,
1839,
1839-01,
1839-02,
1839-03,
1839-04,
1839-05,
1839-06,
1839-07,
1839-08,
1839-09,
1839-10,
1839-11,
1839-12,
1839-Q1,
1839-Q2,
1839-Q3,
1839-Q4,
1840,
1840-01,
1840-02,
1840-03,
1840-04,
1840-05,
1840-06,
1840-07,
1840-08,
1840-09,
1840-10,
1840-11,
1840-12,
1840-Q1,
1840-Q2,
1840-Q3,
1840-Q4,
1841,
1841-01,
1841-02,
1841-03,
1841-04,
1841-05,
1841-06,
1841-07,
1841-08,
1841-09,
1841-10,
1841-11,
1841-12,
1841-Q1,
1841-Q2,
1841-Q3,
1841-Q4,
1842,
1842-01,
1842-02,
1842-03,
1842-04,
1842-05,
1842-06,
1842-07,
1842-08,
1842-09,
1842-10,
1842-11,
1842-12,
1842-Q1,
1842-Q2,
1842-Q3,
1842-Q4,
1843,
1843-01,
1843-02,
1843-03,
1843-04,
1843-05,
1843-06,
1843-07,
1843-08,
1843-09,
1843-10,
1843-11,
1843-12,
1843-Q1,
1843-Q2,
1843-Q3,
1843-Q4,
1844,
1844-01,
1844-02,
1844-03,
1844-04,
1844-05,
1844-06,
1844-07,
1844-08,
1844-09,
1844-10,
1844-11,
1844-12,
1844-Q1,
1844-Q2,
1844-Q3,
1844-Q4,
1845,
1845-01,
1845-02,
1845-03,
1845-04,
1845-05,
1845-06,
1845-07,
1845-08,
1845-09,
1845-10,
1845-11,
1845-12,
1845-Q1,
1845-Q2,
1845-Q3,
1845-Q4,
1846,
1846-01,
1846-02,
1846-03,
1846-04,
1846-05,
1846-06,
1846-07,
1846-08,
1846-09,
1846-10,
1846-11,
1846-12,
1846-Q1,
1846-Q2,
1846-Q3,
1846-Q4,
1847,
1847-01,
1847-02,
1847-03,
1847-04,
1847-05,
1847-06,
1847-07,
1847-08,
1847-09,
1847-10,
1847-11,
1847-12,
1847-Q1,
1847-Q2,
1847-Q3,
1847-Q4,
1848,
1848-01,
1848-02,
1848-03,
1848-04,
1848-05,
1848-06,
1848-07,
1848-08,
1848-09,
1848-10,
1848-11,
1848-12,
1848-Q1,
1848-Q2,
1848-Q3,
1848-Q4,
1849,
1849-01,
1849-02,
1849-03,
1849-04,
1849-05,
1849-06,
1849-07,
1849-08,
1849-09,
1849-10,
1849-11,
1849-12,
1849-Q1,
1849-Q2,
1849-Q3,
1849-Q4,
1850,
1850-01,
1850-02,
1850-03,
1850-04,
1850-05,
1850-06,
1850-07,
1850-08,
1850-09,
1850-10,
1850-11,
1850-12,
1850-Q1,
1850-Q2,
1850-Q3,
1850-Q4,
1851,
1851-01,
1851-02,
1851-03,
1851-04,
1851-05,
1851-06,
1851-07,
1851-08,
1851-09,
1851-10,
1851-11,
1851-12,
1851-Q1,
1851-Q2,
1851-Q3,
1851-Q4,
1852,
1852-01,
1852-02,
1852-03,
1852-04,
1852-05,
1852-06,
1852-07,
1852-08,
1852-09,
1852-10,
1852-11,
1852-12,
1852-Q1,
1852-Q2,
1852-Q3,
1852-Q4,
1853,
1853-01,
1853-02,
1853-03,
1853-04,
1853-05,
1853-06,
1853-07,
1853-08,
1853-09,
1853-10,
1853-11,
1853-12,
1853-Q1,
1853-Q2,
1853-Q3,
1853-Q4,
1854,
1854-01,
1854-02,
1854-03,
1854-04,
1854-05,
1854-06,
1854-07,
1854-08,
1854-09,
1854-10,
1854-11,
1854-12,
1854-Q1,
1854-Q2,
1854-Q3,
1854-Q4,
1855,
1855-01,
1855-02,
1855-03,
1855-04,
1855-05,
1855-06,
1855-07,
1855-08,
1855-09,
1855-10,
1855-11,
1855-12,
1855-Q1,
1855-Q2,
1855-Q3,
1855-Q4,
1856,
1856-01,
1856-02,
1856-03,
1856-04,
1856-05,
1856-06,
1856-07,
1856-08,
1856-09,
1856-10,
1856-11,
1856-12,
1856-Q1,
1856-Q2,
1856-Q3,
1856-Q4,
1857,
1857-01,
1857-02,
1857-03,
1857-04,
1857-05,
1857-06,
1857-07,
1857-08,
1857-09,
1857-10,
1857-11,
1857-12,
1857-Q1,
1857-Q2,
1857-Q3,
1857-Q4,
1858,
1858-01,
1858-02,
1858-03,
1858-04,
1858-05,
1858-06,
1858-07,
1858-08,
1858-09,
1858-10,
1858-11,
1858-12,
1858-Q1,
1858-Q2,
1858-Q3,
1858-Q4,
1859,
1859-01,
1859-02,
1859-03,
1859-04,
1859-05,
1859-06,
1859-07,
1859-08,
1859-09,
1859-10,
1859-11,
1859-12,
1859-Q1,
1859-Q2,
1859-Q3,
1859-Q4,
1860,
1860-01,
1860-02,
1860-03,
1860-04,
1860-05,
1860-06,
1860-07,
1860-08,
1860-09,
1860-10,
1860-11,
1860-12,
1860-Q1,
1860-Q2,
1860-Q3,
1860-Q4,
1861,
1861-01,
1861-02,
1861-03,
1861-04,
1861-05,
1861-06,
1861-07,
1861-08,
1861-09,
1861-10,
1861-11,
1861-12,
1861-Q1,
1861-Q2,
1861-Q3,
1861-Q4,
1862,
1862-01,
1862-02,
1862-03,
1862-04,
1862-05,
1862-06,
1862-07,
1862-08,
1862-09,
1862-10,
1862-11,
1862-12,
1862-Q1,
1862-Q2,
1862-Q3,
1862-Q4,
1863,
1863-01,
1863-02,
1863-03,
1863-04,
1863-05,
1863-06,
1863-07,
1863-08,
1863-09,
1863-10,
1863-11,
1863-12,
1863-Q1,
1863-Q2,
1863-Q3,
1863-Q4,
1864,
1864-01,
1864-02,
1864-03,
1864-04,
1864-05,
1864-06,
1864-07,
1864-08,
1864-09,
1864-10,
1864-11,
1864-12,
1864-Q1,
1864-Q2,
1864-Q3,
1864-Q4,
1865,
1865-01,
1865-02,
1865-03,
1865-04,
1865-05,
1865-06,
1865-07,
1865-08,
1865-09,
1865-10,
1865-11,
1865-12,
1865-Q1,
1865-Q2,
1865-Q3,
1865-Q4,
1866,
1866-01,
1866-02,
1866-03,
1866-04,
1866-05,
1866-06,
1866-07,
1866-08,
1866-09,
1866-10,
1866-11,
1866-12,
1866-Q1,
1866-Q2,
1866-Q3,
1866-Q4,
1867,
1867-01,
1867-02,
1867-03,
1867-04,
1867-05,
1867-06,
1867-07,
1867-08,
1867-09,
1867-10,
1867-11,
1867-12,
1867-Q1,
1867-Q2,
1867-Q3,
1867-Q4,
1868,
1868-01,
1868-02,
1868-03,
1868-04,
1868-05,
1868-06,
1868-07,
1868-08,
1868-09,
1868-10,
1868-11,
1868-12,
1868-Q1,
1868-Q2,
1868-Q3,
1868-Q4,
1869,
1869-01,
1869-02,
1869-03,
1869-04,
1869-05,
1869-06,
1869-07,
1869-08,
1869-09,
1869-10,
1869-11,
1869-12,
1869-Q1,
1869-Q2,
1869-Q3,
1869-Q4,
1870,
1870-01,
1870-02,
1870-03,
1870-04,
1870-05,
1870-06,
1870-07,
1870-08,
1870-09,
1870-10,
1870-11,
1870-12,
1870-Q1,
1870-Q2,
1870-Q3,
1870-Q4,
1871,
1871-01,
1871-02,
1871-03,
1871-04,
1871-05,
1871-06,
1871-07,
1871-08,
1871-09,
1871-10,
1871-11,
1871-12,
1871-Q1,
1871-Q2,
1871-Q3,
1871-Q4,
1872,
1872-01,
1872-02,
1872-03,
1872-04,
1872-05,
1872-06,
1872-07,
1872-08,
1872-09,
1872-10,
1872-11,
1872-12,
1872-Q1,
1872-Q2,
1872-Q3,
1872-Q4,
1873,
1873-01,
1873-02,
1873-03,
1873-04,
1873-05,
1873-06,
1873-07,
1873-08,
1873-09,
1873-10,
1873-11,
1873-12,
1873-Q1,
1873-Q2,
1873-Q3,
1873-Q4,
1874,
1874-01,
1874-02,
1874-03,
1874-04,
1874-05,
1874-06,
1874-07,
1874-08,
1874-09,
1874-10,
1874-11,
1874-12,
1874-Q1,
1874-Q2,
1874-Q3,
1874-Q4,
1875,
1875-01,
1875-02,
1875-03,
1875-04,
1875-05,
1875-06,
1875-07,
1875-08,
1875-09,
1875-10,
1875-11,
1875-12,
1875-Q1,
1875-Q2,
1875-Q3,
1875-Q4,
1876,
1876-01,
1876-02,
1876-03,
1876-04,
1876-05,
1876-06,
1876-07,
1876-08,
1876-09,
1876-10,
1876-11,
1876-12,
1876-Q1,
1876-Q2,
1876-Q3,
1876-Q4,
1877,
1877-01,
1877-02,
1877-03,
1877-04,
1877-05,
1877-06,
1877-07,
1877-08,
1877-09,
1877-10,
1877-11,
1877-12,
1877-Q1,
1877-Q2,
1877-Q3,
1877-Q4,
1878,
1878-01,
1878-02,
1878-03,
1878-04,
1878-05,
1878-06,
1878-07,
1878-08,
1878-09,
1878-10,
1878-11,
1878-12,
1878-Q1,
1878-Q2,
1878-Q3,
1878-Q4,
1879,
1879-01,
1879-02,
1879-03,
1879-04,
1879-05,
1879-06,
1879-07,
1879-08,
1879-09,
1879-10,
1879-11,
1879-12,
1879-Q1,
1879-Q2,
1879-Q3,
1879-Q4,
1880,
1880-01,
1880-02,
1880-03,
1880-04,
1880-05,
1880-06,
1880-07,
1880-08,
1880-09,
1880-10,
1880-11,
1880-12,
1880-Q1,
1880-Q2,
1880-Q3,
1880-Q4,
1881,
1881-01,
1881-02,
1881-03,
1881-04,
1881-05,
1881-06,
1881-07,
1881-08,
1881-09,
1881-10,
1881-11,
1881-12,
1881-Q1,
1881-Q2,
1881-Q3,
1881-Q4,
1882,
1882-01,
1882-02,
1882-03,
1882-04,
1882-05,
1882-06,
1882-07,
1882-08,
1882-09,
1882-10,
1882-11,
1882-12,
1882-Q1,
1882-Q2,
1882-Q3,
1882-Q4,
1883,
1883-01,
1883-02,
1883-03,
1883-04,
1883-05,
1883-06,
1883-07,
1883-08,
1883-09,
1883-10,
1883-11,
1883-12,
1883-Q1,
1883-Q2,
1883-Q3,
1883-Q4,
1884,
1884-01,
1884-02,
1884-03,
1884-04,
1884-05,
1884-06,
1884-07,
1884-08,
1884-09,
1884-10,
1884-11,
1884-12,
1884-Q1,
1884-Q2,
1884-Q3,
1884-Q4,
1885,
1885-01,
1885-02,
1885-03,
1885-04,
1885-05,
1885-06,
1885-07,
1885-08,
1885-09,
1885-10,
1885-11,
1885-12,
1885-Q1,
1885-Q2,
1885-Q3,
1885-Q4,
1886,
1886-01,
1886-02,
1886-03,
1886-04,
1886-05,
1886-06,
1886-07,
1886-08,
1886-09,
1886-10,
1886-11,
1886-12,
1886-Q1,
1886-Q2,
1886-Q3,
1886-Q4,
1887,
1887-01,
1887-02,
1887-03,
1887-04,
1887-05,
1887-06,
1887-07,
1887-08,
1887-09,
1887-10,
1887-11,
1887-12,
1887-Q1,
1887-Q2,
1887-Q3,
1887-Q4,
1888,
1888-01,
1888-02,
1888-03,
1888-04,
1888-05,
1888-06,
1888-07,
1888-08,
1888-09,
1888-10,
1888-11,
1888-12,
1888-Q1,
1888-Q2,
1888-Q3,
1888-Q4,
1889,
1889-01,
1889-02,
1889-03,
1889-04,
1889-05,
1889-06,
1889-07,
1889-08,
1889-09,
1889-10,
1889-11,
1889-12,
1889-Q1,
1889-Q2,
1889-Q3,
1889-Q4,
1890,
1890-01,
1890-02,
1890-03,
1890-04,
1890-05,
1890-06,
1890-07,
1890-08,
1890-09,
1890-10,
1890-11,
1890-12,
1890-Q1,
1890-Q2,
1890-Q3,
1890-Q4,
1891,
1891-01,
1891-02,
1891-03,
1891-04,
1891-05,
1891-06,
1891-07,
1891-08,
1891-09,
1891-10,
1891-11,
1891-12,
1891-Q1,
1891-Q2,
1891-Q3,
1891-Q4,
1892,
1892-01,
1892-02,
1892-03,
1892-04,
1892-05,
1892-06,
1892-07,
1892-08,
1892-09,
1892-10,
1892-11,
1892-12,
1892-Q1,
1892-Q2,
1892-Q3,
1892-Q4,
1893,
1893-01,
1893-02,
1893-03,
1893-04,
1893-05,
1893-06,
1893-07,
1893-08,
1893-09,
1893-10,
1893-11,
1893-12,
1893-Q1,
1893-Q2,
1893-Q3,
1893-Q4,
1894,
1894-01,
1894-02,
1894-03,
1894-04,
1894-05,
1894-06,
1894-07,
1894-08,
1894-09,
1894-10,
1894-11,
1894-12,
1894-Q1,
1894-Q2,
1894-Q3,
1894-Q4,
1895,
1895-01,
1895-02,
1895-03,
1895-04,
1895-05,
1895-06,
1895-07,
1895-08,
1895-09,
1895-10,
1895-11,
1895-12,
1895-Q1,
1895-Q2,
1895-Q3,
1895-Q4,
1896,
1896-01,
1896-02,
1896-03,
1896-04,
1896-05,
1896-06,
1896-07,
1896-08,
1896-09,
1896-10,
1896-11,
1896-12,
1896-Q1,
1896-Q2,
1896-Q3,
1896-Q4,
1897,
1897-01,
1897-02,
1897-03,
1897-04,
1897-05,
1897-06,
1897-07,
1897-08,
1897-09,
1897-10,
1897-11,
1897-12,
1897-Q1,
1897-Q2,
1897-Q3,
1897-Q4,
1898,
1898-01,
1898-02,
1898-03,
1898-04,
1898-05,
1898-06,
1898-07,
1898-08,
1898-09,
1898-10,
1898-11,
1898-12,
1898-Q1,
1898-Q2,
1898-Q3,
1898-Q4,
1899,
1899-01,
1899-02,
1899-03,
1899-04,
1899-05,
1899-06,
1899-07,
1899-08,
1899-09,
1899-10,
1899-11,
1899-12,
1899-Q1,
1899-Q2,
1899-Q3,
1899-Q4,
1900,
1900-01,
1900-02,
1900-03,
1900-04,
1900-05,
1900-06,
1900-07,
1900-08,
1900-09,
1900-10,
1900-11,
1900-12,
1900-Q1,
1900-Q2,
1900-Q3,
1900-Q4,
1901,
1901-01,
1901-02,
1901-03,
1901-04,
1901-05,
1901-06,
1901-07,
1901-08,
1901-09,
1901-10,
1901-11,
1901-12,
1901-Q1,
1901-Q2,
1901-Q3,
1901-Q4,
1902,
1902-01,
1902-02,
1902-03,
1902-04,
1902-05,
1902-06,
1902-07,
1902-08,
1902-09,
1902-10,
1902-11,
1902-12,
1902-Q1,
1902-Q2,
1902-Q3,
1902-Q4,
1903,
1903-01,
1903-02,
1903-03,
1903-04,
1903-05,
1903-06,
1903-07,
1903-08,
1903-09,
1903-10,
1903-11,
1903-12,
1903-Q1,
1903-Q2,
1903-Q3,
1903-Q4,
1904,
1904-01,
1904-02,
1904-03,
1904-04,
1904-05,
1904-06,
1904-07,
1904-08,
1904-09,
1904-10,
1904-11,
1904-12,
1904-Q1,
1904-Q2,
1904-Q3,
1904-Q4,
1905,
1905-01,
1905-02,
1905-03,
1905-04,
1905-05,
1905-06,
1905-07,
1905-08,
1905-09,
1905-10,
1905-11,
1905-12,
1905-Q1,
1905-Q2,
1905-Q3,
1905-Q4,
1906,
1906-01,
1906-02,
1906-03,
1906-04,
1906-05,
1906-06,
1906-07,
1906-08,
1906-09,
1906-10,
1906-11,
1906-12,
1906-Q1,
1906-Q2,
1906-Q3,
1906-Q4,
1907,
1907-01,
1907-02,
1907-03,
1907-04,
1907-05,
1907-06,
1907-07,
1907-08,
1907-09,
1907-10,
1907-11,
1907-12,
1907-Q1,
1907-Q2,
1907-Q3,
1907-Q4,
1908,
1908-01,
1908-02,
1908-03,
1908-04,
1908-05,
1908-06,
1908-07,
1908-08,
1908-09,
1908-10,
1908-11,
1908-12,
1908-Q1,
1908-Q2,
1908-Q3,
1908-Q4,
1909,
1909-01,
1909-02,
1909-03,
1909-04,
1909-05,
1909-06,
1909-07,
1909-08,
1909-09,
1909-10,
1909-11,
1909-12,
1909-Q1,
1909-Q2,
1909-Q3,
1909-Q4,
1910,
1910-01,
1910-02,
1910-03,
1910-04,
1910-05,
1910-06,
1910-07,
1910-08,
1910-09,
1910-10,
1910-11,
1910-12,
1910-Q1,
1910-Q2,
1910-Q3,
1910-Q4,
1911,
1911-01,
1911-02,
1911-03,
1911-04,
1911-05,
1911-06,
1911-07,
1911-08,
1911-09,
1911-10,
1911-11,
1911-12,
1911-Q1,
1911-Q2,
1911-Q3,
1911-Q4,
1912,
1912-01,
1912-02,
1912-03,
1912-04,
1912-05,
1912-06,
1912-07,
1912-08,
1912-09,
1912-10,
1912-11,
1912-12,
1912-Q1,
1912-Q2,
1912-Q3,
1912-Q4,
1913,
1913-01,
1913-02,
1913-03,
1913-04,
1913-05,
1913-06,
1913-07,
1913-08,
1913-09,
1913-10,
1913-11,
1913-12,
1913-Q1,
1913-Q2,
1913-Q3,
1913-Q4,
1914,
1914-01,
1914-02,
1914-03,
1914-04,
1914-05,
1914-06,
1914-07,
1914-08,
1914-09,
1914-10,
1914-11,
1914-12,
1914-Q1,
1914-Q2,
1914-Q3,
1914-Q4,
1915,
1915-01,
1915-02,
1915-03,
1915-04,
1915-05,
1915-06,
1915-07,
1915-08,
1915-09,
1915-10,
1915-11,
1915-12,
1915-Q1,
1915-Q2,
1915-Q3,
1915-Q4,
1916,
1916-01,
1916-02,
1916-03,
1916-04,
1916-05,
1916-06,
1916-07,
1916-08,
1916-09,
1916-10,
1916-11,
1916-12,
1916-Q1,
1916-Q2,
1916-Q3,
1916-Q4,
1917,
1917-01,
1917-02,
1917-03,
1917-04,
1917-05,
1917-06,
1917-07,
1917-08,
1917-09,
1917-10,
1917-11,
1917-12,
1917-Q1,
1917-Q2,
1917-Q3,
1917-Q4,
1918,
1918-01,
1918-02,
1918-03,
1918-04,
1918-05,
1918-06,
1918-07,
1918-08,
1918-09,
1918-10,
1918-11,
1918-12,
1918-Q1,
1918-Q2,
1918-Q3,
1918-Q4,
1919,
1919-01,
1919-02,
1919-03,
1919-04,
1919-05,
1919-06,
1919-07,
1919-08,
1919-09,
1919-10,
1919-11,
1919-12,
1919-Q1,
1919-Q2,
1919-Q3,
1919-Q4,
1920,
1920-01,
1920-02,
1920-03,
1920-04,
1920-05,
1920-06,
1920-07,
1920-08,
1920-09,
1920-10,
1920-11,
1920-12,
1920-Q1,
1920-Q2,
1920-Q3,
1920-Q4,
1921,
1921-01,
1921-02,
1921-03,
1921-04,
1921-05,
1921-06,
1921-07,
1921-08,
1921-09,
1921-10,
1921-11,
1921-12,
1921-Q1,
1921-Q2,
1921-Q3,
1921-Q4,
1922,
1922-01,
1922-02,
1922-03,
1922-04,
1922-05,
1922-06,
1922-07,
1922-08,
1922-09,
1922-10,
1922-11,
1922-12,
1922-Q1,
1922-Q2,
1922-Q3,
1922-Q4,
1923,
1923-01,
1923-02,
1923-03,
1923-04,
1923-05,
1923-06,
1923-07,
1923-08,
1923-09,
1923-10,
1923-11,
1923-12,
1923-Q1,
1923-Q2,
1923-Q3,
1923-Q4,
1924,
1924-01,
1924-02,
1924-03,
1924-04,
1924-05,
1924-06,
1924-07,
1924-08,
1924-09,
1924-10,
1924-11,
1924-12,
1924-Q1,
1924-Q2,
1924-Q3,
1924-Q4,
1925,
1925-01,
1925-02,
1925-03,
1925-04,
1925-05,
1925-06,
1925-07,
1925-08,
1925-09,
1925-10,
1925-11,
1925-12,
1925-Q1,
1925-Q2,
1925-Q3,
1925-Q4,
1926,
1926-01,
1926-02,
1926-03,
1926-04,
1926-05,
1926-06,
1926-07,
1926-08,
1926-09,
1926-10,
1926-11,
1926-12,
1926-Q1,
1926-Q2,
1926-Q3,
1926-Q4,
1927,
1927-01,
1927-02,
1927-03,
1927-04,
1927-05,
1927-06,
1927-07,
1927-08,
1927-09,
1927-10,
1927-11,
1927-12,
1927-Q1,
1927-Q2,
1927-Q3,
1927-Q4,
1928,
1928-01,
1928-02,
1928-03,
1928-04,
1928-05,
1928-06,
1928-07,
1928-08,
1928-09,
1928-10,
1928-11,
1928-12,
1928-Q1,
1928-Q2,
1928-Q3,
1928-Q4,
1929,
1929-01,
1929-02,
1929-03,
1929-04,
1929-05,
1929-06,
1929-07,
1929-08,
1929-09,
1929-10,
1929-11,
1929-12,
1929-Q1,
1929-Q2,
1929-Q3,
1929-Q4,
1930,
1930-01,
1930-02,
1930-03,
1930-04,
1930-05,
1930-06,
1930-07,
1930-08,
1930-09,
1930-10,
1930-11,
1930-12,
1930-Q1,
1930-Q2,
1930-Q3,
1930-Q4,
1931,
1931-01,
1931-02,
1931-03,
1931-04,
1931-05,
1931-06,
1931-07,
1931-08,
1931-09,
1931-10,
1931-11,
1931-12,
1931-Q1,
1931-Q2,
1931-Q3,
1931-Q4,
1932,
1932-01,
1932-02,
1932-03,
1932-04,
1932-05,
1932-06,
1932-07,
1932-08,
1932-09,
1932-10,
1932-11,
1932-12,
1932-Q1,
1932-Q2,
1932-Q3,
1932-Q4,
1933,
1933-01,
1933-02,
1933-03,
1933-04,
1933-05,
1933-06,
1933-07,
1933-08,
1933-09,
1933-10,
1933-11,
1933-12,
1933-Q1,
1933-Q2,
1933-Q3,
1933-Q4,
1934,
1934-01,
1934-02,
1934-03,
1934-04,
1934-05,
1934-06,
1934-07,
1934-08,
1934-09,
1934-10,
1934-11,
1934-12,
1934-Q1,
1934-Q2,
1934-Q3,
1934-Q4,
1935,
1935-01,
1935-02,
1935-03,
1935-04,
1935-05,
1935-06,
1935-07,
1935-08,
1935-09,
1935-10,
1935-11,
1935-12,
1935-Q1,
1935-Q2,
1935-Q3,
1935-Q4,
1936,
1936-01,
1936-02,
1936-03,
1936-04,
1936-05,
1936-06,
1936-07,
1936-08,
1936-09,
1936-10,
1936-11,
1936-12,
1936-Q1,
1936-Q2,
1936-Q3,
1936-Q4,
1937,
1937-01,
1937-02,
1937-03,
1937-04,
1937-05,
1937-06,
1937-07,
1937-08,
1937-09,
1937-10,
1937-11,
1937-12,
1937-Q1,
1937-Q2,
1937-Q3,
1937-Q4,
1938,
1938-01,
1938-02,
1938-03,
1938-04,
1938-05,
1938-06,
1938-07,
1938-08,
1938-09,
1938-10,
1938-11,
1938-12,
1938-Q1,
1938-Q2,
1938-Q3,
1938-Q4,
1939,
1939-01,
1939-02,
1939-03,
1939-04,
1939-05,
1939-06,
1939-07,
1939-08,
1939-09,
1939-10,
1939-11,
1939-12,
1939-Q1,
1939-Q2,
1939-Q3,
1939-Q4,
1940,
1940-01,
1940-02,
1940-03,
1940-04,
1940-05,
1940-06,
1940-07,
1940-08,
1940-09,
1940-10,
1940-11,
1940-12,
1940-Q1,
1940-Q2,
1940-Q3,
1940-Q4,
1941,
1941-01,
1941-02,
1941-03,
1941-04,
1941-05,
1941-06,
1941-07,
1941-08,
1941-09,
1941-10,
1941-11,
1941-12,
1941-Q1,
1941-Q2,
1941-Q3,
1941-Q4,
1942,
1942-01,
1942-02,
1942-03,
1942-04,
1942-05,
1942-06,
1942-07,
1942-08,
1942-09,
1942-10,
1942-11,
1942-12,
1942-Q1,
1942-Q2,
1942-Q3,
1942-Q4,
1943,
1943-01,
1943-02,
1943-03,
1943-04,
1943-05,
1943-06,
1943-07,
1943-08,
1943-09,
1943-10,
1943-11,
1943-12,
1943-Q1,
1943-Q2,
1943-Q3,
1943-Q4,
1944,
1944-01,
1944-02,
1944-03,
1944-04,
1944-05,
1944-06,
1944-07,
1944-08,
1944-09,
1944-10,
1944-11,
1944-12,
1944-Q1,
1944-Q2,
1944-Q3,
1944-Q4,
1945,
1945-01,
1945-02,
1945-03,
1945-04,
1945-05,
1945-06,
1945-07,
1945-08,
1945-09,
1945-10,
1945-11,
1945-12,
1945-Q1,
1945-Q2,
1945-Q3,
1945-Q4,
1946,
1946-01,
1946-02,
1946-03,
1946-04,
1946-05,
1946-06,
1946-07,
1946-08,
1946-09,
1946-10,
1946-11,
1946-12,
1946-Q1,
1946-Q2,
1946-Q3,
1946-Q4,
1947,
1947-01,
1947-02,
1947-03,
1947-04,
1947-05,
1947-06,
1947-07,
1947-08,
1947-09,
1947-10,
1947-11,
1947-12,
1947-Q1,
1947-Q2,
1947-Q3,
1947-Q4,
1948,
1948-01,
1948-02,
1948-03,
1948-04,
1948-05,
1948-06,
1948-07,
1948-08,
1948-09,
1948-10,
1948-11,
1948-12,
1948-Q1,
1948-Q2,
1948-Q3,
1948-Q4,
1949,
1949-01,
1949-02,
1949-03,
1949-04,
1949-05,
1949-06,
1949-07,
1949-08,
1949-09,
1949-10,
1949-11,
1949-12,
1949-Q1,
1949-Q2,
1949-Q3,
1949-Q4,
1950,
1950-01,
1950-02,
1950-03,
1950-04,
1950-05,
1950-06,
1950-07,
1950-08,
1950-09,
1950-10,
1950-11,
1950-12,
1950-Q1,
1950-Q2,
1950-Q3,
1950-Q4,
1951,
1951-01,
1951-02,
1951-03,
1951-04,
1951-05,
1951-06,
1951-07,
1951-08,
1951-09,
1951-10,
1951-11,
1951-12,
1951-Q1,
1951-Q2,
1951-Q3,
1951-Q4,
1952,
1952-01,
1952-02,
1952-03,
1952-04,
1952-05,
1952-06,
1952-07,
1952-08,
1952-09,
1952-10,
1952-11,
1952-12,
1952-Q1,
1952-Q2,
1952-Q3,
1952-Q4,
1953,
1953-01,
1953-02,
1953-03,
1953-04,
1953-05,
1953-06,
1953-07,
1953-08,
1953-09,
1953-10,
1953-11,
1953-12,
1953-Q1,
1953-Q2,
1953-Q3,
1953-Q4,
1954,
1954-01,
1954-02,
1954-03,
1954-04,
1954-05,
1954-06,
1954-07,
1954-08,
1954-09,
1954-10,
1954-11,
1954-12,
1954-Q1,
1954-Q2,
1954-Q3,
1954-Q4,
1955,
1955-01,
1955-02,
1955-03,
1955-04,
1955-05,
1955-06,
1955-07,
1955-08,
1955-09,
1955-10,
1955-11,
1955-12,
1955-Q1,
1955-Q2,
1955-Q3,
1955-Q4,
1956,
1956-01,
1956-02,
1956-03,
1956-04,
1956-05,
1956-06,
1956-07,
1956-08,
1956-09,
1956-10,
1956-11,
1956-12,
1956-Q1,
1956-Q2,
1956-Q3,
1956-Q4,
1957,
1957-01,0.714288
1957-02,0.714288
1957-03,0.714288
1957-04,0.714288
1957-05,0.714288
1957-06,0.714288
1957-07,0.714288
1957-08,0.714288
1957-09,0.714288
1957-10,0.714288
1957-11,0.714288
1957-12,0.714288
1957-Q1,
1957-Q2,
1957-Q3,
1957-Q4,
1958,
1958-01,0.714288
1958-02,0.714288
1958-03,0.714288
1958-04,0.714288
1958-05,0.714288
1958-06,0.714288
1958-07,0.714288
1958-08,0.714288
1958-09,0.714288
1958-10,0.714288
1958-11,0.714288
1958-12,0.714288
1958-Q1,
1958-Q2,
1958-Q3,
1958-Q4,
1959,
1959-01,0.714288
1959-02,0.714288
1959-03,0.714288
1959-04,0.714288
1959-05,0.714288
1959-06,0.714288
1959-07,0.714288
1959-08,0.714288
1959-09,0.714288
1959-10,0.714288
1959-11,0.714288
1959-12,0.714288
1959-Q1,
1959-Q2,
1959-Q3,
1959-Q4,
1960,
1960-01,0.714288
1960-02,0.714288
1960-03,0.714288
1960-04,0.714288
1960-05,0.714288
1960-06,0.714288
1960-07,0.714288
1960-08,0.714288
1960-09,0.714288
1960-10,0.714288
1960-11,0.714288
1960-12,0.714288
1960-Q1,
1960-Q2,
1960-Q3,
1960-Q4,
1961,
1961-01,0.714288
1961-02,0.714288
1961-03,0.714288
1961-04,0.714288
1961-05,0.714288
1961-06,0.714288
1961-07,0.714288
1961-08,0.714288
1961-09,0.714288
1961-10,0.715948
1961-11,0.715768
1961-12,0.717515
1961-Q1,
1961-Q2,
1961-Q3,
1961-Q4,
1962,
1962-01,0.716461
1962-02,0.715768
1962-03,0.71605
1962-04,0.716461
1962-05,0.717103
1962-06,0.717463
1962-07,0.718236
1962-08,0.719114
1962-09,0.719217
1962-10,0.719321
1962-11,0.718701
1962-12,0.718804
1962-Q1,
1962-Q2,
1962-Q3,
1962-Q4,
1963,
1963-01,0.718804
1963-02,0.718804
1963-03,0.71958
1963-04,0.719476
1963-05,0.719528
1963-06,0.719424
1963-07,0.719476
1963-08,0.719916
1963-09,0.720124
1963-10,0.719994
1963-11,0.720124
1963-12,0.720383
1963-Q1,
1963-Q2,
1963-Q3,
1963-Q4,
1964,
1964-01,0.720046
1964-02,0.720046
1964-03,0.72002
1964-04,0.71945
1964-05,0.719916
1964-06,0.721657
1964-07,0.722543
1964-08,0.723641
1964-09,0.723903
1964-10,0.72351
1964-11,0.722074
1964-12,0.721709
1964-Q1,
1964-Q2,
1964-Q3,
1964-Q4,
1965,
1965-01,0.721709
1965-02,0.720903
1965-03,0.721553
1965-04,0.719865
1965-05,0.721345
1965-06,0.721865
1965-07,0.721501
1965-08,0.722022
1965-09,0.719373
1965-10,0.718546
1965-11,0.718701
1965-12,0.718804
1965-Q1,
1965-Q2,
1965-Q3,
1965-Q4,
1966,
1966-01,0.718546
1966-02,0.719295
1966-03,0.721007
1966-04,0.721215
1966-05,0.721761
1966-06,0.721917
1966-07,0.721917
1966-08,0.7227
1966-09,0.721865
1966-10,0.721917
1966-11,0.722282
1966-12,0.722022
1966-Q1,
1966-Q2,
1966-Q3,
1966-Q4,
1967,
1967-01,0.721163
1967-02,0.721449
1967-03,0.720305
1967-04,0.719891
1967-05,0.720955
1967-06,0.722022
1967-07,0.72317
1967-08,0.722857
1967-09,0.723798
1967-10,0.724008
1967-11,0.886054
1967-12,0.89071
1967-Q1,
1967-Q2,
1967-Q3,
1967-Q4,
1968,
1968-01,0.889205
1968-02,0.891186
1968-03,0.893735
1968-04,0.894614
1968-05,0.899442
1968-06,0.899766
1968-07,0.895415
1968-08,0.899119
1968-09,0.897424
1968-10,0.896539
1968-11,0.898876
1968-12,0.8992
1968-Q1,
1968-Q2,
1968-Q3,
1968-Q4,
1969,
1969-01,0.897263
1969-02,0.896057
1969-03,0.895817
1969-04,0.89815
1969-05,0.897505
1969-06,0.896861
1969-07,0.896539
1969-08,0.900333
1969-09,0.90009
1969-10,0.894855
1969-11,0.894775
1969-12,0.893017
1969-Q1,
1969-Q2,
1969-Q3,
1969-Q4,
1970,
1970-01,0.892857
1970-02,0.890869
1970-03,0.890948
1970-04,0.891107
1970-05,0.892698
1970-06,0.894855
1970-07,0.896861
1970-08,0.899604
1970-09,0.898069
1970-10,0.897183
1970-11,0.897183
1970-12,0.895977
1970-Q1,
1970-Q2,
1970-Q3,
1970-Q4,
1971,
1971-01,0.889047
1971-02,0.889601
1971-03,0.889284
1971-04,0.888336
1971-05,0.888889
1971-06,0.888257
1971-07,0.888731
1971-08,0.875887
1971-09,0.865052
1971-10,0.862664
1971-11,0.861846
1971-12,0.839419
1971-Q1,
1971-Q2,
1971-Q3,
1971-Q4,
1972,
1972-01,0.83682
1972-02,0.83682
1972-03,0.834725
1972-04,0.838574
1972-05,0.83682
1972-06,0.840336
1972-07,0.83682
1972-08,0.83682
1972-09,0.837521
1972-10,0.837521
1972-11,0.83682
1972-12,0.83682
1972-Q1,
1972-Q2,
1972-Q3,
1972-Q4,
1973,
1973-01,0.83682
1973-02,0.757117
1973-03,0.753296
1973-04,0.749064
1973-05,0.757174
1973-06,0.757289
1973-07,0.740741
1973-08,0.740741
1973-09,0.675676
1973-10,0.671141
1973-11,0.679117
1973-12,0.702988
1973-Q1,
1973-Q2,
1973-Q3,
1973-Q4,
1974,
1974-01,0.727273
1974-02,0.701754
1974-03,0.692042
1974-04,0.686106
1974-05,0.689655
1974-06,0.692042
1974-07,0.687285
1974-08,0.701754
1974-09,0.770416
1974-10,0.769527
1974-11,0.766284
1974-12,0.763068
1974-Q1,
1974-Q2,
1974-Q3,
1974-Q4,
1975,
1975-01,0.755287
1975-02,0.741565
1975-03,0.747384
1975-04,0.75643
1975-05,0.75959
1975-06,0.774893
1975-07,0.791452
1975-08,0.94162
1975-09,0.960615
1975-10,0.949668
1975-11,0.961076
1975-12,0.962927
1975-Q1,
1975-Q2,
1975-Q3,
1975-Q4,
1976,
1976-01,0.959877
1976-02,0.959233
1976-03,0.982318
1976-04,1.0005
1976-05,1.017812
1976-06,1.012761
1976-07,1.003009
1976-08,1.00311
1976-09,1.029972
1976-10,1.052632
1976-11,1.109508
1976-12,1.058201
1976-Q1,
1976-Q2,
1976-Q3,
1976-Q4,
1977,
1977-01,1.051525
1977-02,1.04712
1977-03,1.041667
1977-04,1.042209
1977-05,1.041667
1977-06,1.034661
1977-07,1.026694
1977-08,1.033058
1977-09,1.030928
1977-10,1.005025
1977-11,1.00553
1977-12,0.984252
1977-Q1,
1977-Q2,
1977-Q3,
1977-Q4,
1978,
1978-01,0.977517
1978-02,0.978474
1978-03,0.980392
1978-04,0.985222
1978-05,0.98912
1978-06,0.970874
1978-07,0.951022
1978-08,0.952381
1978-09,0.942951
1978-10,0.910332
1978-11,0.956023
1978-12,0.93985
1978-Q1,
1978-Q2,
1978-Q3,
1978-Q4,
1979,
1979-01,0.949668
1979-02,0.947688
1979-03,0.947867
1979-04,0.957854
1979-05,0.959233
1979-06,0.991375
1979-07,0.985222
1979-08,0.988631
1979-09,0.996512
1979-10,1.035197
1979-11,1.024066
1979-12,1.017294
1979-Q1,
1979-Q2,
1979-Q3,
1979-Q4,
1980,
1980-01,1.016777
1980-02,1.030928
1980-03,1.063264
1980-04,1.034661
1980-05,1.017294
1980-06,1.013171
1980-07,1.025851
1980-08,1.019472
1980-09,1.019888
1980-10,1.025115
1980-11,1.044386
1980-12,1.039717
1980-Q1,
1980-Q2,
1980-Q3,
1980-Q4,
1981,
1981-01,1.053963
1981-02,1.086957
1981-03,1.092299
1981-04,1.114827
1981-05,1.148237
1981-06,1.176471
1981-07,1.208459
1981-08,1.207001
1981-09,1.218766
1981-10,1.217723
1981-11,1.184978
1981-12,1.213303
1981-Q1,
1981-Q2,
1981-Q3,
1981-Q4,
1982,
1982-01,1.241462
1982-02,1.273884
1982-03,1.304119
1982-04,1.2945
1982-05,1.311471
1982-06,1.3468
1982-07,1.355377
1982-08,1.374571
1982-09,1.393145
1982-10,1.414431
1982-11,1.392756
1982-12,1.366679
1982-Q1,
1982-Q2,
1982-Q3,
1982-Q4,
1983,
1983-01,1.388887
1983-02,1.391791
1983-03,1.532564
1983-04,1.515155
1983-05,1.506025
1983-06,1.526718
1983-07,1.530218
1983-08,1.540832
1983-09,1.519988
1983-10,1.510806
1983-11,1.519758
1983-12,1.524155
1983-Q1,
1983-Q2,
1983-Q3,
1983-Q4,
1984,
1984-01,1.538462
1984-02,1.501054
1984-03,1.504887
1984-04,1.527414
1984-05,1.543216
1984-06,1.577284
1984-07,2.019387
1984-08,1.999997
1984-09,2.042486
1984-10,2.046666
1984-11,2.052973
1984-12,2.098637
1984-Q1,
1984-Q2,
1984-Q3,
1984-Q4,
1985,
1985-01,2.127656
1985-02,2.237132
1985-03,2.145929
1985-04,2.202646
1985-05,2.227174
1985-06,2.068252
1985-07,1.895728
1985-08,1.837563
1985-09,1.823156
1985-10,1.73611
1985-11,1.742158
1985-12,1.994015
1985-Q1,
1985-Q2,
1985-Q3,
1985-Q4,
1986,
1986-01,1.86741
1986-02,1.901146
1986-03,1.871956
1986-04,1.713801
1986-05,1.768347
1986-06,1.818185
1986-07,1.91754
1986-08,2.049186
1986-09,2.044998
1986-10,1.970437
1986-11,1.956941
1986-12,1.895729
1986-Q1,
1986-Q2,
1986-Q3,
1986-Q4,
1987,
1987-01,1.845024
1987-02,1.785717
1987-03,1.755923
1987-04,1.718217
1987-05,1.737627
1987-06,1.684926
1987-07,1.765223
1987-08,1.648807
1987-09,1.536104
1987-10,1.68635
1987-11,1.542024
1987-12,1.516991
1987-Q1,
1987-Q2,
1987-Q3,
1987-Q4,
1988,
1988-01,1.499253
1988-02,1.504215
1988-03,1.526727
1988-04,1.485884
1988-05,1.442996
1988-06,1.485881
1988-07,1.508301
1988-08,1.629983
1988-09,1.632655
1988-10,1.593619
1988-11,1.526714
1988-12,1.587303
1988-Q1,
1988-Q2,
1988-Q3,
1988-Q4,
1989,
1989-01,1.64745
1989-02,1.615506
1989-03,1.627339
1989-04,1.62338
1989-05,1.705028
1989-06,1.743683
1989-07,1.710864
1989-08,1.694914
1989-09,1.690623
1989-10,1.699231
1989-11,1.696356
1989-12,1.682094
1989-Q1,
1989-Q2,
1989-Q3,
1989-Q4,
1990,
1990-01,1.665833
1990-02,1.699241
1990-03,1.725621
1990-04,1.739126
1990-05,1.734613
1990-06,1.699239
1990-07,1.689766
1990-08,1.625221
1990-09,1.622061
1990-10,1.628663
1990-11,1.639348
1990-12,1.702127
1990-Q1,
1990-Q2,
1990-Q3,
1990-Q4,
1991,
1991-01,1.670842
1991-02,1.668612
1991-03,1.703578
1991-04,1.703584
1991-05,1.715266
1991-06,1.733994
1991-07,1.749783
1991-08,1.74125
1991-09,1.760562
1991-10,1.798554
1991-11,1.779362
1991-12,1.850134
1991-Q1,
1991-Q2,
1991-Q3,
1991-Q4,
1992,
1992-01,1.851851
1992-02,1.828154
1992-03,1.82649
1992-04,1.860463
1992-05,1.867414
1992-06,1.836539
1992-07,1.834865
1992-08,1.85391
1992-09,1.862189
1992-10,1.897532
1992-11,1.958865
1992-12,1.943637
1992-Q1,
1992-Q2,
1992-Q3,
1992-Q4,
1993,
1993-01,1.934232
1993-02,1.910955
1993-03,1.8797
1993-04,1.843315
1993-05,1.836555
1993-06,1.861505
1993-07,1.809301
1993-08,1.811604
1993-09,1.816528
1993-10,1.804071
1993-11,1.83251
1993-12,1.790512
1993-Q1,
1993-Q2,
1993-Q3,
1993-Q4,
1994,
1994-01,1.759952
1994-02,1.735504
1994-03,1.777784
1994-04,1.734608
1994-05,1.684064
1994-06,1.678695
1994-07,1.66251
1994-08,1.661965
1994-09,1.659202
1994-10,1.622595
1994-11,1.590593
1994-12,1.560795
1994-Q1,
1994-Q2,
1994-Q3,
1994-Q4,
1995,
1995-01,1.564452
1995-02,1.578031
1995-03,1.536565
1995-04,1.486545
1995-05,1.504437
1995-06,1.495882
1995-07,1.484782
1995-08,1.534216
1995-09,1.518601
1995-10,1.514696
1995-11,1.52976
1995-12,1.529759
1995-Q1,
1995-Q2,
1995-Q3,
1995-Q4,
1996,
1996-01,1.490321
1996-02,1.485438
1996-03,1.471017
1996-04,1.456665
1996-05,1.469508
1996-06,1.459636
1996-07,1.447597
1996-08,1.447174
1996-09,1.428577
1996-10,1.414428
1996-11,1.409644
1996-12,1.412637
1996-Q1,
1996-Q2,
1996-Q3,
1996-Q4,
1997,
1997-01,1.452434
1997-02,1.444454
1997-03,1.44092
1997-04,1.441343
1997-05,1.44928
1997-06,1.476452
1997-07,1.54511
1997-08,1.564464
1997-09,1.560548
1997-10,1.605651
1997-11,1.621
1997-12,1.715561
1997-Q1,
1997-Q2,
1997-Q3,
1997-Q4,
1998,
1998-01,1.721758
1998-02,1.704459
1998-03,1.805051
1998-04,1.802771
1998-05,1.871612
1998-06,1.932731
1998-07,1.949692
1998-08,2.017752
1998-09,1.992028
1998-10,1.887861
1998-11,1.891074
1998-12,1.893225
1998-Q1,
1998-Q2,
1998-Q3,
1998-Q4,
1999,
1999-01,1.854093
1999-02,1.912416
1999-03,1.884472
1999-04,1.789374
1999-05,1.867923
1999-06,1.878776
1999-07,1.885917
1999-08,1.933132
1999-09,1.936146
1999-10,1.969674
1999-11,1.956918
1999-12,1.926837
1999-Q1,
1999-Q2,
1999-Q3,
1999-Q4,
2000,
2000-01,2.027168
2000-02,2.057443
2000-03,2.023239
2000-04,2.06197
2000-05,2.181554
2000-06,2.125366
2000-07,2.205561
2000-08,2.335616
2000-09,2.454079
2000-10,2.537127
2000-11,2.462805
2000-12,2.269747
2000-Q1,
2000-Q2,
2000-Q3,
2000-Q4,
2001,
2001-01,2.271925
2001-02,2.315636
2001-03,2.486639
2001-04,2.437697
2001-05,2.432547
2001-06,2.481722
2001-07,2.433352
2001-08,2.268508
2001-09,2.452634
2001-10,2.425348
2001-11,2.398067
2001-12,2.407239
2001-Q1,
2001-Q2,
2001-Q3,
2001-Q4,
2002,
2002-01,2.398981
2002-02,2.378453
2002-03,2.272467
2002-04,2.238344
2002-05,2.071056
2002-06,2.044812
2002-07,2.124911
2002-08,2.132615
2002-09,2.123327
2002-10,2.068633
2002-11,2.0137
2002-12,1.904739
2002-Q1,
2002-Q2,
2002-Q3,
2002-Q4,
2003,
2003-01,1.83247
2003-02,1.791319
2003-03,1.810096
2003-04,1.7878
2003-05,1.733971
2003-06,1.712523
2003-07,1.724775
2003-08,1.740276
2003-09,1.676794
2003-10,1.636723
2003-11,1.560614
2003-12,1.523674
2003-Q1,
2003-Q2,
2003-Q3,
2003-Q4,
2004,
2004-01,1.504037
2004-02,1.462715
2004-03,1.502372
2004-04,1.603164
2004-05,1.581489
2004-06,1.58042
2004-07,1.57131
2004-08,1.535464
2004-09,1.483923
2004-10,1.465494
2004-11,1.395637
2004-12,1.385434
2004-Q1,
2004-Q2,
2004-Q3,
2004-Q4,
2005,
2005-01,1.403989
2005-02,1.3712
2005-03,1.406742
2005-04,1.363664
2005-05,1.415457
2005-06,1.437893
2005-07,1.463409
2005-08,1.454665
2005-09,1.446105
2005-10,1.422939
2005-11,1.422126
2005-12,1.463932
2005-Q1,
2005-Q2,
2005-Q3,
2005-Q4,
2006,
2006-01,1.460472
2006-02,1.5152
2006-03,1.633675
2006-04,1.580761
2006-05,1.5652
2006-06,1.641155
2006-07,1.621994
2006-08,1.534511
2006-09,1.534518
2006-10,1.502205
2006-11,1.464394
2006-12,1.421792
2006-Q1,
2006-Q2,
2006-Q3,
2006-Q4,
2007,
2007-01,1.464799
2007-02,1.428355
2007-03,1.39991
2007-04,1.351929
2007-05,1.361183
2007-06,1.295964
2007-07,1.294959
2007-08,1.411675
2007-09,1.321461
2007-10,1.305669
2007-11,1.294289
2007-12,1.292304
2007-Q1,
2007-Q2,
2007-Q3,
2007-Q4,
2008,
2008-01,1.27505
2008-02,1.243094
2008-03,1.269858
2008-04,1.286486
2008-05,1.277534
2008-06,1.308805
2008-07,1.364166
2008-08,1.417713
2008-09,1.478221
2008-10,1.715686
2008-11,1.823839
2008-12,1.738234
2008-Q1,
2008-Q2,
2008-Q3,
2008-Q4,
2009,
2009-01,1.971598
2009-02,1.998972
2009-03,1.749925
2009-04,1.761055
2009-05,1.570081
2009-06,1.532192
2009-07,1.526241
2009-08,1.469521
2009-09,1.38544
2009-10,1.37473
2009-11,1.399121
2009-12,1.374636
2009-Q1,
2009-Q2,
2009-Q3,
2009-Q4,
2010,
2010-01,1.415652
2010-02,1.440604
2010-03,1.411381
2010-04,1.370935
2010-05,1.472333
2010-06,1.447396
2010-07,1.382637
2010-08,1.434306
2010-09,1.350821
2010-10,1.319189
2010-11,1.350746
2010-12,1.287232
2010-Q1,
2010-Q2,
2010-Q3,
2010-Q4,
2011,
2011-01,1.297327
2011-02,1.329334
2011-03,1.309073
2011-04,1.239166
2011-05,1.21578
2011-06,1.208607
2011-07,1.156452
2011-08,1.171557
2011-09,1.307858
2011-10,1.230126
2011-11,1.295275
2011-12,1.293531
2011-Q1,
2011-Q2,
2011-Q3,
2011-Q4,
2012,
2012-01,1.208106
2012-02,1.18292
2012-03,1.216981
2012-04,1.220902
2012-05,1.325405
2012-06,1.250675
2012-07,1.234614
2012-08,1.245579
2012-09,1.201547
2012-10,1.216809
2012-11,1.2217
2012-12,1.216083
2012-Q1,
2012-Q2,
2012-Q3,
2012-Q4,
2013,
2013-01,1.192915
2013-02,1.204204
2013-03,1.195471
2013-04,1.168299
2013-05,1.250577
2013-06,1.283792
2013-07,1.254087
2013-08,1.287571
2013-09,1.206664
2013-10,1.205923
2013-11,1.226802
2013-12,1.21543
2013-Q1,
2013-Q2,
2013-Q3,
2013-Q4,
2014,
2014-01,1.234241
2014-02,1.187287
2014-03,1.156948
2014-04,1.168736
2014-05,1.180054
2014-06,1.144091
2014-07,1.17804
2014-08,1.194419
2014-09,1.288167
2014-10,1.28114
2014-11,1.27205
2014-12,1.278725
2014-Q1,
2014-Q2,
2014-Q3,
2014-Q4,
2015,
2015-01,1.37709
2015-02,1.321085
2015-03,1.337299
2015-04,1.313152
2015-05,1.404284
2015-06,1.478953
2015-07,1.529042
2015-08,1.56362
2015-09,1.568151
2015-10,1.485795
2015-11,1.523774
2015-12,1.46257
2015-Q1,
2015-Q2,
2015-Q3,
2015-Q4,
2016,
2016-01,1.537363
2016-02,1.520665
2016-03,1.441458
2016-04,1.434447
2016-05,1.480724
2016-06,1.406593
2016-07,1.405111
2016-08,1.379177
2016-09,1.377027
2016-10,1.398959
2016-11,1.402069
2016-12,1.438004
2016-Q1,
2016-Q2,
2016-Q3,
2016-Q4,
2017,
2017-01,1.367643
2017-02,1.387846
2017-03,1.431952
2017-04,1.454437
2017-05,1.407094
2017-06,1.362951
2017-07,1.336403
2017-08,1.401353
2017-09,1.385228
2017-10,1.461162
2017-11,1.461642
2017-12,1.404986
2017-Q1,
2017-Q2,
2017-Q3,
2017-Q4,
2018,
2018-01,1.34888
2018-02,1.384067
2018-03,1.387712
2018-04,1.419406
2018-05,1.425848
2018-06,1.479413
2018-07,1.466684
2018-08,1.507081
2018-09,1.51218
2018-10,1.530482
2018-11,1.457523
2018-12,1.489607
2018-Q1,
2018-Q2,
2018-Q3,
2018-Q4,
2019,
2019-01,1.445595
2019-02,1.461545
2019-03,1.468625
2019-04,1.498039
2019-05,1.536544
2019-06,1.490334
2019-07,1.514035
2019-08,1.584813
2019-09,1.595647
2019-10,1.556303
2019-11,1.556183
2019-12,1.482375
2019-Q1,
2019-Q2,
2019-Q3,
2019-Q4,
2020,
2020-01,1.545693
2020-02,1.604081
2020-03,1.680997
2020-04,1.627896
2020-05,1.604077
2020-06,1.560993
2020-07,1.499916
2020-08,1.484757
2020-09,1.520243
2020-10,1.501539
2020-11,1.421285
2020-12,1.384076
2020-Q1,
2020-Q2,
2020-Q3,
2020-Q4,
2021,
2021-01,1.389502
2021-02,1.371339
2021-03,1.430192
2021-04,1.385367
2021-05,1.376854
2021-06,1.432683
2021-07,1.428812
2021-08,1.416258
2021-09,1.455912
2021-10,1.395878
2021-11,1.464754
2021-12,1.4638
2021-Q1,
2021-Q2,
2021-Q3,
2021-Q4,
2022,
2022-01,1.52232
2022-02,1.484775
2022-03,1.442573
2022-04,1.529317
2022-05,1.536358
2022-06,1.60826
2022-07,1.596686
2022-08,1.6322
2022-09,1.762105
2022-10,1.724733
2022-11,1.603123
2022-12,1.574911
2022-Q1,
2022-Q2,
2022-Q3,
2022-Q4,
2023-01,1.556171
2023-02,1.621245
2023-03,1.599264
2023-04,1.62681
2023-05,1.665543
2023-06,1.643475
2023-07,1.612356
2023-Q1,
2023-Q2,