Date,SVENY01,SVENY02,SVENY03,SVENY04,SVENY05,SVENY06,SVENY07,SVENY08,SVENY09,SVENY10,SVENY11,SVENY12,SVENY13,SVENY14,SVENY15,SVENY16,SVENY17,SVENY18,SVENY19,SVENY20,SVENY21,SVENY22,SVENY23,SVENY24,SVENY25,SVENY26,SVENY27,SVENY28,SVENY29,SVENY30
2023-08-31,5.1977,4.7497,4.4388,4.2311,4.1001,4.0255,3.9917,3.9867,4.0013,4.0287,4.0635,4.102,4.1413,4.1792,4.2144,4.2458,4.2729,4.2951,4.3125,4.3248,4.3323,4.3351,4.3333,4.3273,4.3173,4.3036,4.2865,4.2662,4.243,4.2173
2023-07-31,5.2752,4.8502,4.5092,4.2713,4.1203,4.033,3.9885,3.971,3.9697,3.9774,3.9897,4.0038,4.0184,4.0324,4.0456,4.0578,4.0689,4.079,4.0882,4.0965,4.1041,4.111,4.1174,4.1232,4.1286,4.1335,4.1381,4.1424,4.1464,4.1501
2023-06-30,5.3818,4.8475,4.4566,4.2213,4.0729,3.9759,3.9121,3.871,3.8459,3.8322,3.8269,3.8275,3.8324,3.8403,3.8503,3.8616,3.8738,3.8863,3.8991,3.9118,3.9242,3.9364,3.9482,3.9595,3.9703,3.9807,3.9906,4.0,4.009,4.0176
2023-05-31,5.0305,4.396,4.0294,3.8219,3.7103,3.657,3.6394,3.6436,3.6607,3.6854,3.7138,3.7439,3.7739,3.8028,3.8302,3.8554,3.8783,3.8987,3.9167,3.9321,3.9451,3.9557,3.9641,3.9702,3.9743,3.9765,3.9768,3.9753,3.9723,3.9678
2023-04-30,4.6687,4.076,3.7502,3.575,3.4855,3.4452,3.4334,3.4382,3.4527,3.4729,3.4962,3.521,3.5465,3.5719,3.5969,3.6212,3.6447,3.6672,3.6886,3.709,3.7284,3.7467,3.7641,3.7805,3.796,3.8106,3.8244,3.8375,3.8498,3.8614
2023-03-31,4.5352,4.0792,3.8177,3.6663,3.5796,3.5325,3.5105,3.5047,3.5097,3.5217,3.5385,3.5581,3.5795,3.6016,3.6241,3.6462,3.6679,3.6889,3.709,3.7282,3.7465,3.7638,3.7802,3.7957,3.8103,3.824,3.837,3.8492,3.8607,3.8716
2023-02-28,5.1137,4.7729,4.4427,4.2428,4.1261,4.0564,4.0139,3.988,3.9728,3.9645,3.961,3.9607,3.9627,3.9661,3.9706,3.9757,3.9812,3.9869,3.9926,3.9982,4.0036,4.0088,4.0137,4.0183,4.0226,4.0266,4.0302,4.0334,4.0363,4.0389
2023-01-31,4.6559,4.2041,3.904,3.7098,3.5895,3.5206,3.4871,3.4778,3.4845,3.5016,3.5249,3.5516,3.5795,3.6072,3.6338,3.6584,3.6806,3.7002,3.7169,3.7308,3.7418,3.7499,3.7553,3.758,3.7582,3.7559,3.7514,3.7448,3.7361,3.7257
2022-12-31,4.7029,4.4321,4.2295,4.0825,3.9802,3.9137,3.8754,3.8589,3.8588,3.8708,3.8912,3.917,3.9458,3.9758,4.0052,4.033,4.0583,4.0803,4.0986,4.1128,4.1228,4.1284,4.1298,4.1269,4.12,4.1091,4.0945,4.0763,4.0549,4.0305
2022-11-30,4.6594,4.3488,4.1147,3.9431,3.8221,3.7418,3.6937,3.6709,3.6674,3.6784,3.6997,3.728,3.7606,3.7953,3.8304,3.8644,3.8964,3.9254,3.9509,3.9726,3.99,4.0031,4.0118,4.0162,4.0164,4.0125,4.0046,3.993,3.9779,3.9596
2022-10-31,4.621,4.5303,4.4006,4.3052,4.2426,4.2047,4.1846,4.1773,4.1793,4.1877,4.2007,4.2167,4.2345,4.2534,4.2728,4.2922,4.3113,4.3299,4.3479,4.3651,4.3816,4.3972,4.412,4.4261,4.4394,4.4519,4.4637,4.4749,4.4855,4.4954
2022-09-30,4.2148,4.2861,4.2307,4.1396,4.0521,3.9823,3.9327,3.9011,3.8836,3.8767,3.877,3.8822,3.8904,3.9002,3.911,3.9219,3.9327,3.943,3.9529,3.9622,3.9708,3.9789,3.9865,3.9935,4.0,4.006,4.0117,4.0169,4.0218,4.0264
2022-08-31,3.3947,3.4615,3.4367,3.3778,3.3149,3.262,3.2242,3.2022,3.1942,3.1975,3.2096,3.228,3.2505,3.2757,3.3022,3.329,3.3556,3.3815,3.4063,3.43,3.4524,3.4735,3.4932,3.5118,3.5291,3.5454,3.5606,3.5748,3.5882,3.6007
2022-07-31,2.9445,2.9042,2.8356,2.7674,2.7134,2.6785,2.6629,2.6645,2.6802,2.7069,2.7414,2.7813,2.8245,2.8692,2.9142,2.9587,3.0019,3.0435,3.0831,3.1207,3.1562,3.1895,3.2208,3.2502,3.2777,3.3035,3.3277,3.3503,3.3715,3.3915
2022-06-30,2.8657,2.9803,2.9872,2.9881,2.9956,3.0099,3.0291,3.0512,3.0747,3.0985,3.1217,3.144,3.1651,3.1848,3.2031,3.2201,3.2357,3.2501,3.2634,3.2756,3.2869,3.2972,3.3068,3.3157,3.3239,3.3315,3.3386,3.3452,3.3513,3.3571
2022-05-31,2.067,2.5223,2.7241,2.8048,2.834,2.8463,2.8575,2.8736,2.8957,2.9229,2.9538,2.9867,3.0203,3.0536,3.0859,3.1166,3.1457,3.1728,3.1981,3.2216,3.2434,3.2635,3.2821,3.2993,3.3153,3.3302,3.344,3.3568,3.3688,3.38
2022-04-30,2.1414,2.7184,2.8933,2.9324,2.9325,2.9268,2.925,2.9285,2.9365,2.9477,2.9608,2.975,2.9894,3.0037,3.0176,3.0309,3.0434,3.0552,3.0663,3.0766,3.0862,3.0952,3.1035,3.1112,3.1184,3.1252,3.1315,3.1373,3.1428,3.1479
2022-03-31,1.7244,2.3166,2.4844,2.4899,2.4479,2.4043,2.374,2.3591,2.3569,2.364,2.3769,2.3933,2.4112,2.4296,2.4476,2.4649,2.4811,2.4962,2.5102,2.5231,2.535,2.546,2.5561,2.5654,2.574,2.582,2.5895,2.5964,2.6028,2.6088
2022-02-28,1.0733,1.4607,1.6326,1.7073,1.744,1.7701,1.7969,1.8281,1.8634,1.9016,1.9411,1.9807,2.0191,2.0559,2.0905,2.1228,2.1527,2.1803,2.2057,2.229,2.2505,2.2702,2.2884,2.3052,2.3207,2.3351,2.3484,2.3608,2.3724,2.3832
2022-01-31,0.8,1.1794,1.4037,1.5417,1.6325,1.6979,1.7499,1.7946,1.8351,1.8728,1.9082,1.9416,1.9729,2.0022,2.0295,2.0548,2.0782,2.0998,2.1198,2.1381,2.1551,2.1707,2.1851,2.1985,2.2108,2.2223,2.233,2.2429,2.2522,2.2608
2021-12-31,0.4226,0.7551,0.986,1.1499,1.2699,1.3612,1.4335,1.4934,1.545,1.5907,1.6322,1.6705,1.7062,1.7396,1.771,1.8004,1.8282,1.8542,1.8787,1.9016,1.9231,1.9433,1.9621,1.9798,1.9964,2.0119,2.0264,2.0401,2.0529,2.065
2021-11-30,0.2359,0.5475,0.8247,1.0226,1.1613,1.2628,1.3412,1.405,1.4592,1.5065,1.5486,1.5867,1.6213,1.653,1.6822,1.7091,1.7339,1.7569,1.7782,1.7979,1.8162,1.8333,1.8492,1.864,1.8778,1.8907,1.9027,1.914,1.9246,1.9346
2021-10-31,0.1812,0.487,0.7801,1.0128,1.1892,1.3231,1.4268,1.5094,1.5771,1.6339,1.6826,1.725,1.7624,1.7958,1.8259,1.853,1.8777,1.9003,1.9209,1.94,1.9575,1.9737,1.9887,2.0026,2.0155,2.0276,2.0389,2.0494,2.0593,2.0685
2021-09-30,0.1052,0.29,0.5466,0.7907,0.9984,1.1684,1.3063,1.419,1.5123,1.591,1.6585,1.7175,1.7698,1.8167,1.8592,1.8981,1.9339,1.967,1.9978,2.0266,2.0534,2.0787,2.1024,2.1247,2.1458,2.1656,2.1844,2.2022,2.219,2.235
2021-08-31,0.0897,0.221,0.4161,0.6123,0.7884,0.9402,1.0698,1.1806,1.2764,1.3601,1.4342,1.5003,1.5599,1.6139,1.6632,1.7084,1.7499,1.7882,1.8237,1.8565,1.887,1.9153,1.9417,1.9663,1.9893,2.0108,2.031,2.0498,2.0676,2.0843
2021-07-31,0.084,0.1934,0.3631,0.5424,0.7109,0.862,0.9951,1.1117,1.2142,1.3047,1.3851,1.4571,1.5217,1.5801,1.6332,1.6815,1.7256,1.766,1.8032,1.8374,1.8689,1.8981,1.9252,1.9503,1.9736,1.9953,2.0156,2.0345,2.0523,2.0689
2021-06-30,0.1013,0.2557,0.4694,0.6865,0.8848,1.0577,1.2056,1.3313,1.4385,1.5303,1.6097,1.6789,1.7399,1.794,1.8424,1.886,1.9256,1.9616,1.9946,2.0249,2.0529,2.0788,2.1028,2.1251,2.1459,2.1654,2.1836,2.2006,2.2166,2.2317
2021-05-31,0.0678,0.1419,0.3314,0.5653,0.8046,1.0293,1.2304,1.4053,1.5545,1.6805,1.7862,1.8744,1.9482,2.0101,2.0622,2.1065,2.1446,2.1776,2.2068,2.2329,2.2567,2.2787,2.2994,2.3192,2.3383,2.357,2.3756,2.394,2.4124,2.431
2021-04-30,0.0742,0.1684,0.3779,0.6275,0.8768,1.106,1.3072,1.4786,1.6219,1.7404,1.8377,1.9176,1.9833,2.0377,2.0833,2.1221,2.1559,2.1859,2.2132,2.2388,2.2632,2.287,2.3106,2.3344,2.3584,2.383,2.4082,2.4342,2.4608,2.4882
2021-03-31,0.0747,0.1683,0.3967,0.6694,0.9395,1.1854,1.3988,1.579,1.7284,1.851,1.9511,2.0329,2.1,2.1553,2.2016,2.2409,2.275,2.3051,2.3324,2.3577,2.3817,2.4049,2.4277,2.4504,2.4732,2.4963,2.5198,2.5439,2.5684,2.5936
2021-02-28,0.0956,0.1654,0.3433,0.5569,0.7704,0.9677,1.1429,1.2956,1.4273,1.5406,1.6382,1.7226,1.7959,1.8599,1.9163,1.9662,2.0107,2.0506,2.0866,2.1193,2.149,2.1763,2.2013,2.2245,2.2459,2.2658,2.2844,2.3017,2.318,2.3332
2021-01-31,0.0998,0.1132,0.2025,0.3317,0.4779,0.6268,0.7701,0.9034,1.0246,1.1332,1.2296,1.3149,1.3901,1.4564,1.5152,1.5676,1.6146,1.6571,1.696,1.7319,1.7655,1.7972,1.8275,1.8566,1.885,1.9128,1.9402,1.9673,1.9943,2.0213
2020-12-31,0.1172,0.1156,0.178,0.2756,0.39,0.5093,0.6265,0.7373,0.8398,0.9331,1.0175,1.0933,1.1613,1.2224,1.2775,1.3275,1.3731,1.415,1.4539,1.4903,1.5247,1.5574,1.5889,1.6193,1.6489,1.678,1.7066,1.7349,1.7629,1.7908
2020-11-30,0.1269,0.1417,0.205,0.2936,0.3931,0.4948,0.5939,0.6876,0.7749,0.8555,0.9297,0.9979,1.0607,1.1188,1.1728,1.2232,1.2705,1.3152,1.3575,1.3978,1.4364,1.4734,1.509,1.5435,1.5767,1.609,1.6404,1.6708,1.7004,1.7293
2020-10-31,0.1441,0.1517,0.2153,0.3077,0.4124,0.5195,0.6236,0.722,0.8135,0.8979,0.9754,1.0467,1.1125,1.1733,1.2299,1.2828,1.3326,1.3796,1.4242,1.4667,1.5074,1.5465,1.584,1.6202,1.6553,1.6891,1.7219,1.7538,1.7847,1.8147
2020-09-30,0.13459999859333,0.130700007081032,0.166500002145767,0.225500002503395,0.297300010919571,0.375299990177155,0.45550000667572,0.535399973392487,0.613600015640259,0.689300000667572,0.762000024318695,0.83160001039505,0.898000001907349,0.961300015449524,1.02149999141693,1.07879996299744,1.13339996337891,1.18519997596741,1.23450005054474,1.28129994869232,1.32589995861053,1.36819994449615,1.40849995613098,1.44679999351501,1.4831999540329,1.51789999008179,1.55089998245239,1.582200050354,1.61210000514984,1.64049994945526
2020-08-31,0.148399993777275,0.135000005364418,0.168599992990494,0.230199992656708,0.307399988174438,0.392300009727478,0.479699999094009,0.566500008106232,0.651000022888184,0.73199999332428,0.809000015258789,0.882000029087067,0.950699985027313,1.01549994945526,1.07650005817413,1.13390004634857,1.18789994716644,1.23880004882812,1.28680002689362,1.33200001716614,1.3746999502182,1.41499996185303,1.45319998264313,1.48919999599457,1.52339994907379,1.55569994449615,1.58640003204346,1.61549997329712,1.64310002326965,1.66939997673035
2020-07-31,0.13680000603199,0.113200001418591,0.136500000953674,0.1841000020504,0.243100002408028,0.306300014257431,0.370099991559982,0.432700008153915,0.49329999089241,0.551699995994568,0.607900023460388,0.66210001707077,0.714399993419647,0.764900028705597,0.813799977302551,0.861199975013733,0.907100021839142,0.951600015163422,0.994700014591217,1.03649997711182,1.07690000534058,1.11600005626678,1.15380001068115,1.19019997119904,1.22549998760223,1.25940001010895,1.29219996929169,1.32369995117188,1.35409998893738,1.38329994678497
2020-06-30,0.177499994635582,0.159299999475479,0.191599994897842,0.249500006437302,0.3192999958992,0.393400013446808,0.468199998140335,0.541700005531311,0.613099992275238,0.682200014591217,0.74889999628067,0.813300013542175,0.875400006771088,0.93529999256134,0.993099987506866,1.04879999160767,1.10239994525909,1.15409994125366,1.20379996299744,1.25160002708435,1.29750001430511,1.34159994125366,1.38380002975464,1.42429995536804,1.46300005912781,1.50010001659393,1.53559994697571,1.56959998607635,1.60199999809265,1.6331000328064
2020-05-31,0.190200001001358,0.174199998378754,0.209499999880791,0.26800000667572,0.33610001206398,0.407099992036819,0.478300005197525,0.548500001430511,0.617200016975403,0.68419998884201,0.749599993228912,0.813300013542175,0.875299990177155,0.935500025749207,0.993799984455109,1.05019998550415,1.10469996929169,1.1570999622345,1.20749998092651,1.25590002536774,1.30219995975494,1.34660005569458,1.3889000415802,1.4293999671936,1.46800005435944,1.50479996204376,1.53989994525909,1.57330000400543,1.60520005226135,1.63549995422363
2020-04-30,0.180899992585182,0.215900003910065,0.271200001239777,0.333999991416931,0.398299992084503,0.461600005626678,0.523100018501282,0.582599997520447,0.640200018882751,0.696099996566772,0.750400006771088,0.803099989891052,0.854200005531311,0.903800010681152,0.951799988746643,0.998099982738495,1.042799949646,1.08580005168915,1.12720000743866,1.16680002212524,1.20480000972748,1.24109995365143,1.27579998970032,1.30889999866486,1.34060001373291,1.37070000171661,1.39939999580383,1.4268000125885,1.45290005207062,1.47769999504089
2020-03-31,0.256300002336502,0.276800006628036,0.323000013828278,0.383199989795685,0.450199991464615,0.519699990749359,0.589100003242493,0.657100021839142,0.722800016403198,0.785799980163574,0.846099972724915,0.903400003910065,0.958000004291534,1.00989997386932,1.05920004844666,1.10599994659424,1.15040004253387,1.19249999523163,1.23249995708466,1.27049994468689,1.30649995803833,1.34060001373291,1.37300002574921,1.40380001068115,1.43299996852875,1.46070003509521,1.48699998855591,1.51189994812012,1.53569996356964,1.55820000171661
2020-02-29,1.05690002441406,0.882300019264221,0.854700028896332,0.879800021648407,0.921400010585785,0.967199981212616,1.0132999420166,1.05889999866486,1.10409998893738,1.14900004863739,1.19369995594025,1.23790001869202,1.28159999847412,1.32459998130798,1.36660003662109,1.40750002861023,1.44710004329681,1.48539996147156,1.52230000495911,1.5576000213623,1.59150004386902,1.62390005588531,1.65480005741119,1.68420004844666,1.71220004558563,1.73889994621277,1.76419997215271,1.78830003738403,1.81120002269745,1.83290004730225
2020-01-31,1.47759997844696,1.34159994125366,1.2989000082016,1.30130004882812,1.32550001144409,1.36010003089905,1.39989995956421,1.44200003147125,1.48529994487762,1.52880001068115,1.57219994068146,1.61510002613068,1.6570999622345,1.69809997081757,1.73800003528595,1.77649998664856,1.81359994411469,1.84920001029968,1.88329994678497,1.91589999198914,1.94690001010895,1.97650003433228,2.00460004806519,2.03130006790161,2.05660009384155,2.08060002326965,2.10349988937378,2.12509989738464,2.14560008049011,2.16499996185303
2019-12-31,1.6231000423431,1.5940999984741,1.6159000396729,1.6591000556946,1.7101000547409,1.7630000114441,1.815199971199,1.8658000230789,1.9144999980927,1.9610999822617,2.0057001113892,2.0483999252319,2.0890998840332,2.1280000209808,2.1649000644684,2.1998999118805,2.233099937439,2.2646000385284,2.2943000793457,2.3224000930786,2.3489000797272,2.3740000724792,2.3975999355316,2.4198000431061,2.4407999515533,2.460599899292,2.479199886322,2.4969000816345,2.5134999752045,2.5292000770569
2019-11-30,1.6759999990463,1.6416000127792,1.6290999650955,1.6325999498367,1.6480000019073,1.6718000173569,1.7015999555588,1.7352999448776,1.7714999914169,1.8090000152588,1.847000002861,1.8847999572754,1.9219000339508,1.9579000473023,1.9926999807358,2.025899887085,2.0574998855591,2.0873999595642,2.1154999732971,2.141900062561,2.1663999557495,2.189199924469,2.2102000713348,2.2295000553131,2.247200012207,2.2632999420166,2.2778000831604,2.2908999919891,2.3025000095367,2.3127000331879
2019-10-31,1.5918999910355,1.5420999526977,1.5198999643326,1.5182000398636,1.5312999486923,1.5550999641418,1.5864000320435,1.6229000091553,1.6627000570297,1.7044999599457,1.7470999956131,1.7898999452591,1.832200050354,1.8734999895096,1.9135999679565,1.952299952507,1.9893000125885,2.0246000289917,2.058000087738,2.0896000862122,2.1192998886108,2.1472001075745,2.1731998920441,2.1974000930786,2.219899892807,2.2406001091003,2.2597000598908,2.2771000862122,2.2929999828339,2.3073999881744
2019-09-30,1.8047000169754,1.6560000181198,1.586699962616,1.5626000165939,1.5642000436783,1.5800000429153,1.6037000417709,1.6318000555039,1.6621999740601,1.6938999891281,1.7261999845505,1.7587000131607,1.7913000583649,1.8237999677658,1.8560999631882,1.888100028038,1.9196000099182,1.950700044632,1.9811999797821,2.0111000537872,2.0402998924255,2.0687000751495,2.0964999198914,2.1233999729156,2.1494998931885,2.1749000549316,2.1993999481201,2.2230999469757,2.2460000514984,2.2681000232697
2019-08-31,1.7539,1.5276,1.4335,1.4024,1.4016,1.4156,1.4372,1.4632,1.4918,1.5224,1.5542,1.587,1.6203,1.6539,1.6876,1.721,1.754,1.7863,1.818,1.8488,1.8787,1.9076,1.9355,1.9623,1.9881,2.0129,2.0367,2.0595,2.0812,2.1021
2019-07-31,2.0346,1.8938,1.8397,1.8315,1.847,1.8746,1.9082,1.9446,1.9824,2.0209,2.0596,2.0985,2.1373,2.176,2.2144,2.2525,2.2901,2.3271,2.3634,2.399,2.4337,2.4676,2.5006,2.5325,2.5635,2.5935,2.6225,2.6505,2.6775,2.7036
2019-06-30,1.9339,1.7629,1.7164,1.73,1.7702,1.8204,1.8727,1.9237,1.9725,2.0187,2.0627,2.1049,2.1456,2.1851,2.2236,2.2612,2.298,2.3341,2.3694,2.404,2.4378,2.4708,2.503,2.5343,2.5649,2.5945,2.6233,2.6512,2.6783,2.7045
2019-05-31,2.1836,1.9556,1.894,1.9052,1.9447,1.9921,2.0391,2.0827,2.1227,2.1594,2.1937,2.2263,2.2576,2.2881,2.3182,2.3478,2.3772,2.4064,2.4353,2.4639,2.4923,2.5203,2.5479,2.5751,2.6018,2.6279,2.6536,2.6786,2.7031,2.727
2019-04-30,2.3552,2.2562,2.232,2.2493,2.2878,2.3355,2.3856,2.4343,2.4801,2.5223,2.561,2.5964,2.6293,2.6599,2.689,2.7168,2.7437,2.7701,2.7961,2.822,2.8479,2.8738,2.8998,2.926,2.9524,2.9789,3.0056,3.0324,3.0593,3.0863
2019-03-31,2.3719,2.2679,2.226,2.2219,2.2398,2.2695,2.3048,2.3419,2.3788,2.4143,2.448,2.4798,2.5099,2.5385,2.5659,2.5924,2.6182,2.6437,2.6688,2.6939,2.7191,2.7443,2.7697,2.7953,2.8212,2.8473,2.8736,2.9002,2.9269,2.9538
2019-02-28,2.53,2.5049,2.5041,2.5197,2.5459,2.5785,2.6147,2.6524,2.6902,2.7271,2.7627,2.7967,2.8289,2.8594,2.8882,2.9154,2.9413,2.966,2.9897,3.0125,3.0346,3.0561,3.0772,3.0979,3.1185,3.1388,3.1591,3.1794,3.1997,3.22
2019-01-31,2.5096,2.4451,2.4203,2.4219,2.4409,2.4703,2.5057,2.5439,2.5826,2.6206,2.6571,2.6916,2.724,2.7544,2.7829,2.8098,2.8351,2.8593,2.8826,2.9052,2.9272,2.949,2.9707,2.9924,3.0143,3.0364,3.0588,3.0817,3.105,3.1287
2018-12-31,2.5743,2.4859,2.4624,2.4752,2.5065,2.5459,2.5873,2.6275,2.6649,2.6991,2.7301,2.7583,2.784,2.8078,2.8301,2.8514,2.8719,2.892,2.9119,2.9318,2.9517,2.9719,2.9923,3.0129,3.0339,3.0551,3.0767,3.0985,3.1205,3.1428
2018-11-30,2.7022,2.7935,2.8218,2.8347,2.8502,2.8729,2.9022,2.9358,2.9714,3.0071,3.0416,3.0742,3.1044,3.1321,3.1574,3.1803,3.2011,3.22,3.2371,3.2526,3.2668,3.2798,3.2917,3.3026,3.3126,3.3219,3.3305,3.3385,3.346,3.3529
2018-10-31,2.6941,2.8607,2.9158,2.9502,2.9833,3.0178,3.0532,3.0881,3.1216,3.153,3.1822,3.2089,3.2333,3.2554,3.2755,3.2936,3.31,3.3249,3.3385,3.3508,3.3621,3.3724,3.3819,3.3906,3.3986,3.4061,3.413,3.4194,3.4254,3.4309
2018-09-30,2.6207,2.801,2.8666,2.904,2.9334,2.9597,2.9841,3.0067,3.0274,3.0463,3.0633,3.0787,3.0926,3.105,3.1162,3.1262,3.1353,3.1435,3.1509,3.1576,3.1637,3.1693,3.1745,3.1792,3.1835,3.1875,3.1913,3.1947,3.198,3.201
2018-08-31,2.4548,2.6198,2.6817,2.7161,2.7431,2.7678,2.7914,2.8141,2.8355,2.8556,2.8741,2.8912,2.9068,2.921,2.9339,2.9457,2.9564,2.9661,2.975,2.9831,2.9905,2.9973,3.0035,3.0093,3.0146,3.0195,3.0241,3.0283,3.0323,3.036
2018-07-31,2.4398,2.6634,2.7537,2.8014,2.8357,2.865,2.8914,2.915,2.936,2.9544,2.9705,2.9845,2.9968,3.0074,3.0168,3.0251,3.0325,3.039,3.0449,3.0502,3.055,3.0594,3.0634,3.0671,3.0704,3.0735,3.0764,3.0791,3.0816,3.0839
2018-06-30,2.3344,2.5207,2.6134,2.6798,2.7312,2.7714,2.8031,2.8283,2.8486,2.8651,2.8788,2.8903,2.9,2.9084,2.9156,2.9219,2.9275,2.9325,2.937,2.941,2.9446,2.9479,2.9509,2.9537,2.9562,2.9586,2.9607,2.9627,2.9646,2.9664
2018-05-31,2.2432,2.4134,2.5348,2.6219,2.6851,2.7315,2.7662,2.7927,2.8136,2.8305,2.8448,2.8573,2.8687,2.8793,2.8895,2.8995,2.9093,2.9192,2.9291,2.939,2.949,2.959,2.9691,2.9793,2.9894,2.9995,3.0097,3.0197,3.0297,3.0396
2018-04-30,2.2545,2.4854,2.6337,2.7312,2.7972,2.8434,2.8771,2.9027,2.923,2.9399,2.9545,2.9677,2.9798,2.9911,3.002,3.0125,3.0226,3.0325,3.0422,3.0517,3.0609,3.07,3.0788,3.0875,3.0959,3.1041,3.1121,3.1199,3.1274,3.1348
2018-03-31,2.102,2.2717,2.3985,2.4934,2.5649,2.6192,2.661,2.6938,2.7201,2.7419,2.7606,2.7772,2.7926,2.8071,2.8213,2.8353,2.8494,2.8637,2.8782,2.893,2.9081,2.9235,2.9391,2.955,2.971,2.9872,3.0034,3.0198,3.0362,3.0525
2018-02-28,2.0493,2.2631,2.4284,2.5559,2.6541,2.7297,2.7881,2.8336,2.8694,2.898,2.9214,2.9411,2.9582,2.9737,2.9882,3.0021,3.0158,3.0296,3.0436,3.0579,3.0727,3.0879,3.1036,3.1197,3.1363,3.1533,3.1706,3.1883,3.2062,3.2244
2018-01-31,1.9119,2.1441,2.3127,2.4354,2.525,2.5909,2.6398,2.6766,2.705,2.7275,2.746,2.7618,2.776,2.7893,2.8021,2.8147,2.8275,2.8405,2.8538,2.8675,2.8816,2.896,2.9108,2.9259,2.9413,2.9569,2.9728,2.9887,3.0048,3.021
2017-12-31,1.7573,1.8852,2.0033,2.1056,2.1912,2.2613,2.318,2.3638,2.4012,2.432,2.4582,2.4811,2.5019,2.5213,2.5402,2.5588,2.5777,2.5969,2.6167,2.6371,2.6583,2.68,2.7025,2.7255,2.7491,2.7732,2.7978,2.8227,2.8479,2.8733
2017-11-30,1.6313,1.7902,1.9286,2.0468,2.1465,2.23,2.3,2.3589,2.4088,2.4518,2.4894,2.5228,2.5533,2.5815,2.6083,2.6339,2.6589,2.6836,2.708,2.7324,2.7569,2.7815,2.8062,2.831,2.856,2.8811,2.9064,2.9316,2.9569,2.9822
2017-10-31,1.4416,1.5965,1.7537,1.897,2.0211,2.1259,2.2133,2.2864,2.3481,2.4009,2.4472,2.4885,2.5264,2.5618,2.5955,2.6281,2.6599,2.6913,2.7224,2.7533,2.7841,2.8147,2.8453,2.8758,2.9062,2.9364,2.9663,2.9961,3.0255,3.0546
2017-09-30,1.3341,1.481,1.6455,1.8015,1.939,2.0561,2.1541,2.236,2.305,2.3638,2.415,2.4605,2.5018,2.54,2.5762,2.6108,2.6444,2.6773,2.7097,2.7417,2.7734,2.8049,2.8362,2.8672,2.8981,2.9286,2.9589,2.9888,3.0184,3.0477
2017-08-31,1.2322,1.3228,1.4565,1.5962,1.7259,1.8401,1.9385,2.0228,2.0955,2.159,2.2155,2.2666,2.3137,2.3578,2.3997,2.4399,2.4788,2.5168,2.5539,2.5903,2.6261,2.6613,2.6959,2.7299,2.7633,2.7962,2.8284,2.8599,2.8909,2.9211
2017-07-31,1.2383,1.3568,1.5258,1.698,1.8541,1.9887,2.1023,2.1977,2.2785,2.3477,2.4081,2.4618,2.5106,2.5556,2.5977,2.6377,2.6761,2.7131,2.749,2.7841,2.8183,2.8517,2.8845,2.9166,2.948,2.9788,3.0089,3.0383,3.0671,3.0953
2017-06-30,1.2608,1.3946,1.5719,1.7465,1.9008,2.0303,2.1368,2.2239,2.2957,2.3557,2.4071,2.4522,2.4929,2.5304,2.5658,2.5998,2.6329,2.6654,2.6976,2.7295,2.7613,2.793,2.8246,2.8561,2.8875,2.9187,2.9496,2.9803,3.0108,3.0409
2017-05-31,1.1887,1.284,1.4557,1.6323,1.7891,1.921,2.0303,2.1216,2.1992,2.2668,2.3273,2.3826,2.4343,2.4832,2.5301,2.5754,2.6193,2.6621,2.7038,2.7445,2.7842,2.823,2.8607,2.8974,2.9332,2.9679,3.0016,3.0344,3.0661,3.0968
2017-04-30,1.1191,1.2783,1.4813,1.677,1.8474,1.9896,2.1063,2.2025,2.2829,2.3517,2.4121,2.4666,2.517,2.5646,2.6104,2.6549,2.6986,2.7416,2.7842,2.8264,2.8682,2.9096,2.9506,2.9912,3.0313,3.0708,3.1097,3.148,3.1856,3.2225
2017-03-31,1.0551,1.2793,1.5407,1.7756,1.9676,2.119,2.2373,2.3308,2.4064,2.4697,2.5245,2.5737,2.6193,2.6627,2.7046,2.7456,2.7862,2.8264,2.8664,2.9062,2.9459,2.9853,3.0244,3.0632,3.1015,3.1394,3.1767,3.2135,3.2497,3.2851
2017-02-28,0.9164,1.2367,1.5201,1.7541,1.9411,2.0886,2.205,2.2979,2.3736,2.437,2.4917,2.5403,2.5848,2.6266,2.6666,2.7054,2.7435,2.7812,2.8185,2.8557,2.8926,2.9294,2.9659,3.0022,3.0382,3.0738,3.1091,3.1438,3.1782,3.2119
2017-01-31,0.8732,1.1985,1.4965,1.7504,1.9586,2.1262,2.2601,2.3674,2.4543,2.5258,2.586,2.6381,2.6844,2.7266,2.766,2.8036,2.84,2.8757,2.9109,2.946,2.981,3.0159,3.0509,3.0859,3.1209,3.1558,3.1906,3.2253,3.2599,3.2942
2016-12-31,0.8977,1.2018,1.5014,1.7631,1.9786,2.1507,2.2864,2.3932,2.478,2.5466,2.6036,2.6523,2.6955,2.7351,2.7724,2.8084,2.8438,2.8791,2.9146,2.9504,2.9867,3.0234,3.0606,3.0981,3.1361,3.1743,3.2127,3.2512,3.2898,3.3284
2016-11-30,0.8564,1.1428,1.434,1.6911,1.9036,2.0738,2.2084,2.3147,2.3997,2.4691,2.5272,2.5776,2.6226,2.6641,2.7035,2.7416,2.7791,2.8164,2.8537,2.8913,2.9291,2.9672,3.0056,3.0442,3.083,3.1218,3.1607,3.1996,3.2383,3.2769
2016-10-31,0.706,0.8705,1.0455,1.2132,1.3657,1.5009,1.6191,1.7224,1.8128,1.8928,1.9642,2.0289,2.0883,2.1435,2.1954,2.2448,2.2921,2.3378,2.3821,2.4254,2.4676,2.509,2.5495,2.5893,2.6284,2.6668,2.7044,2.7413,2.7775,2.813
2016-09-30,0.658,0.7825,0.9247,1.0646,1.1934,1.3084,1.4099,1.4992,1.5785,1.6495,1.714,1.7734,1.8289,1.8812,1.931,1.9789,2.0252,2.0701,2.1138,2.1564,2.198,2.2387,2.2785,2.3173,2.3553,2.3923,2.4285,2.4637,2.4981,2.5315
2016-08-31,0.6638,0.8135,0.9682,1.1106,1.2348,1.3403,1.4292,1.5043,1.5687,1.625,1.6754,1.7217,1.7652,1.8069,1.8475,1.8876,1.9274,1.9672,2.007,2.0469,2.087,2.1271,2.1673,2.2074,2.2474,2.2873,2.3268,2.3661,2.405,2.4434
2016-07-31,0.5699,0.6636,0.791,0.9258,1.0543,1.1703,1.2717,1.359,1.4339,1.4984,1.5547,1.6048,1.6505,1.6933,1.7345,1.7749,1.8154,1.8565,1.8985,1.9417,1.9863,2.0323,2.0798,2.1288,2.1791,2.2307,2.2834,2.3371,2.3918,2.4473
2016-06-30,0.4975,0.5951,0.738,0.8913,1.0372,1.1681,1.2819,1.3793,1.4626,1.5344,1.5972,1.6534,1.705,1.7536,1.8005,1.8467,1.8929,1.9396,1.9872,2.0359,2.0858,2.1369,2.1893,2.2428,2.2974,2.3529,2.4093,2.4664,2.524,2.5821
2016-05-31,0.7182,0.8824,1.0672,1.2454,1.4053,1.5433,1.6601,1.7584,1.8414,1.9125,1.9745,2.03,2.081,2.129,2.1753,2.2209,2.2662,2.3118,2.358,2.405,2.4527,2.5013,2.5507,2.6009,2.6517,2.703,2.7548,2.8069,2.8592,2.9116
2016-04-30,0.5868,0.765,0.9579,1.1446,1.315,1.4658,1.5969,1.7102,1.808,1.8931,1.968,2.0349,2.0957,2.152,2.205,2.2557,2.3049,2.3532,2.4009,2.4483,2.4958,2.5433,2.591,2.6389,2.687,2.7353,2.7837,2.8321,2.8806,2.929
2016-03-31,0.5983,0.7329,0.9011,1.0773,1.2469,1.4026,1.5413,1.6625,1.7676,1.8582,1.9366,2.005,2.0656,2.1201,2.1702,2.2173,2.2625,2.3068,2.3508,2.3952,2.4403,2.4865,2.5341,2.583,2.6335,2.6855,2.739,2.794,2.8504,2.9081
2016-02-29,0.6632,0.7899,0.947,1.111,1.2685,1.413,1.542,1.6554,1.7544,1.8408,1.9166,1.9837,2.044,2.0992,2.1505,2.1991,2.2461,2.292,2.3375,2.383,2.4289,2.4754,2.5226,2.5707,2.6196,2.6694,2.7201,2.7715,2.8237,2.8766
2016-01-31,0.6346,0.8053,0.9984,1.1923,1.3751,1.541,1.6878,1.8159,1.9266,2.0221,2.1047,2.1765,2.2396,2.296,2.3472,2.3946,2.4394,2.4825,2.5246,2.5663,2.6081,2.6504,2.6933,2.7371,2.7818,2.8276,2.8745,2.9224,2.9714,3.0213
2015-12-31,0.7898,1.0755,1.3501,1.5921,1.7961,1.9638,2.1003,2.2112,2.302,2.3775,2.4417,2.4976,2.5477,2.5938,2.6373,2.6793,2.7203,2.761,2.8017,2.8425,2.8836,2.9251,2.9669,3.0091,3.0515,3.0942,3.137,3.1799,3.2228,3.2656
2015-11-30,0.6787,0.9629,1.2408,1.4884,1.6988,1.8734,2.0168,2.1347,2.2324,2.3147,2.3853,2.4473,2.5031,2.5544,2.6027,2.6488,2.6935,2.7373,2.7805,2.8233,2.8659,2.9084,2.9507,2.9929,3.035,3.0769,3.1186,3.16,3.201,3.2418
2015-10-31,0.4605,0.7625,1.0687,1.3427,1.5743,1.7649,1.9203,2.0473,2.1521,2.2401,2.3156,2.3818,2.4413,2.4957,2.5466,2.5948,2.6412,2.686,2.7298,2.7727,2.8148,2.8564,2.8973,2.9377,2.9775,3.0167,3.0554,3.0935,3.131,3.1678
2015-09-30,0.3534,0.6531,0.9378,1.1944,1.4187,1.6115,1.7756,1.9152,2.0341,2.1362,2.2247,2.3025,2.3719,2.4347,2.4924,2.5462,2.5971,2.6458,2.6928,2.7384,2.7831,2.827,2.8703,2.9131,2.9555,2.9975,3.0391,3.0804,3.1213,3.1618
2015-08-31,0.4407,0.7697,1.0907,1.3733,1.6109,1.8068,1.9676,2.1003,2.211,2.3048,2.3857,2.4568,2.5203,2.578,2.6311,2.6805,2.7269,2.7709,2.8127,2.8528,2.8912,2.9282,2.9639,2.9983,3.0315,3.0637,3.0947,3.1248,3.1539,3.182
2015-07-31,0.3515,0.6787,1.0218,1.328,1.5827,1.7877,1.9506,2.0801,2.1844,2.2699,2.3419,2.4044,2.4602,2.5114,2.5596,2.6058,2.6507,2.695,2.7387,2.7823,2.8258,2.8692,2.9125,2.9558,2.999,3.042,3.0847,3.1272,3.1694,3.2111
2015-06-30,0.3184,0.6519,1.0306,1.3759,1.6653,1.8993,2.0862,2.2358,2.3571,2.4572,2.5417,2.6147,2.6793,2.7377,2.7915,2.8418,2.8896,2.9353,2.9794,3.0222,3.0638,3.1045,3.1442,3.1832,3.2213,3.2587,3.2953,3.3311,3.3662,3.4006
2015-05-31,0.2957,0.6313,0.9746,1.2747,1.5224,1.7233,1.8867,2.0215,2.1348,2.2319,2.3169,2.3925,2.4607,2.5231,2.5806,2.634,2.6838,2.7306,2.7746,2.816,2.8552,2.8922,2.9273,2.9605,2.992,3.0219,3.0503,3.0772,3.1028,3.1272
2015-04-30,0.2751,0.6061,0.9406,1.2309,1.4692,1.6614,1.8169,1.9444,2.0507,2.1413,2.2199,2.2893,2.3516,2.4081,2.4598,2.5077,2.5521,2.5936,2.6324,2.669,2.7033,2.7358,2.7664,2.7954,2.8228,2.8488,2.8734,2.8968,2.919,2.9401
2015-03-31,0.293,0.5825,0.906,1.1869,1.4128,1.5909,1.7322,1.8462,1.9404,2.02,2.0888,2.1493,2.2034,2.2523,2.2969,2.3379,2.3758,2.411,2.4438,2.4745,2.5032,2.5301,2.5554,2.5792,2.6016,2.6228,2.6427,2.6616,2.6794,2.6963
2015-02-28,0.2718,0.6618,1.0344,1.3261,1.5442,1.7086,1.8361,1.9385,2.0236,2.0964,2.1601,2.2169,2.2682,2.3148,2.3577,2.3972,2.4337,2.4676,2.4991,2.5285,2.5558,2.5814,2.6054,2.6278,2.6488,2.6685,2.687,2.7044,2.7208,2.7363
2015-01-31,0.2,0.4887,0.7884,1.0312,1.2219,1.3745,1.5,1.6057,1.6961,1.7743,1.8425,1.9023,1.955,2.0017,2.0432,2.0803,2.1135,2.1434,2.1703,2.1948,2.217,2.2373,2.2559,2.273,2.2887,2.3033,2.3167,2.3293,2.3409,2.3518
2014-12-31,0.294,0.7064,1.1185,1.4471,1.6912,1.8696,2.0014,2.1012,2.1795,2.2432,2.2971,2.3442,2.3867,2.4259,2.4627,2.4977,2.5315,2.5641,2.5959,2.6268,2.657,2.6866,2.7155,2.7437,2.7713,2.7982,2.8245,2.8501,2.8751,2.8994
2014-11-30,0.1585,0.4952,0.911,1.2649,1.5416,1.7557,1.9245,2.0611,2.1748,2.2717,2.3559,2.4301,2.4963,2.5558,2.6097,2.6587,2.7035,2.7445,2.7822,2.8169,2.849,2.8786,2.9061,2.9316,2.9554,2.9775,2.9982,3.0175,3.0356,3.0525
2014-10-31,0.1525,0.5385,0.9872,1.3707,1.6728,1.9069,2.0903,2.237,2.3573,2.4582,2.5446,2.6198,2.6861,2.7453,2.7985,2.8467,2.8906,2.9307,2.9675,3.0015,3.0328,3.0618,3.0887,3.1137,3.137,3.1587,3.1791,3.1981,3.216,3.2327
2014-09-30,0.1482,0.617,1.1203,1.5246,1.8308,2.0638,2.2458,2.3922,2.5131,2.6152,2.7028,2.7791,2.846,2.9053,2.9582,3.0055,3.0482,3.0867,3.1216,3.1534,3.1825,3.2091,3.2336,3.2561,3.277,3.2962,3.3141,3.3308,3.3464,3.3609
2014-08-31,0.1197,0.5268,0.9926,1.3768,1.672,1.8986,2.0766,2.2208,2.3409,2.4433,2.5323,2.6106,2.6803,2.7428,2.7992,2.8503,2.8968,2.9392,2.9781,3.0138,3.0466,3.0769,3.1049,3.1308,3.1548,3.1772,3.198,3.2175,3.2357,3.2527
2014-07-31,0.1253,0.5487,1.0534,1.4776,1.8078,2.0634,2.2649,2.4277,2.5623,2.6758,2.773,2.8574,2.9313,2.9965,3.0544,3.1062,3.1527,3.1946,3.2326,3.2671,3.2985,3.3273,3.3537,3.378,3.4004,3.4212,3.4404,3.4584,3.4751,3.4907
2014-06-30,0.1279,0.4543,0.8938,1.3028,1.6474,1.929,2.1584,2.3467,2.5031,2.6346,2.7464,2.8426,2.9259,2.9987,3.0629,3.1197,3.1703,3.2156,3.2565,3.2934,3.3269,3.3574,3.3854,3.4111,3.4347,3.4565,3.4768,3.4956,3.5131,3.5294
2014-05-31,0.0994,0.3852,0.8072,1.2152,1.5659,1.8554,2.0922,2.2865,2.4477,2.583,2.6981,2.7971,2.8832,2.9587,3.0254,3.0848,3.138,3.1858,3.2291,3.2683,3.3041,3.3369,3.3669,3.3946,3.4201,3.4438,3.4657,3.4861,3.5052,3.523
2014-04-30,0.1019,0.4245,0.8904,1.3378,1.7197,2.0318,2.2836,2.4869,2.6525,2.789,2.9028,2.999,3.0811,3.152,3.2139,3.2682,3.3164,3.3593,3.3977,3.4325,3.4639,3.4925,3.5187,3.5427,3.5648,3.5852,3.6041,3.6217,3.638,3.6533
2014-03-31,0.1215,0.4393,0.9157,1.3738,1.764,2.0826,2.3399,2.5483,2.7188,2.86,2.9785,3.079,3.1653,3.2401,3.3056,3.3632,3.4144,3.4601,3.5012,3.5382,3.5718,3.6024,3.6304,3.6561,3.6797,3.7016,3.7218,3.7406,3.7582,3.7745
2014-02-28,0.122,0.3393,0.7286,1.1484,1.5398,1.8826,2.1744,2.4197,2.625,2.797,2.9418,3.0643,3.1684,3.2576,3.3343,3.4007,3.4584,3.5087,3.5528,3.5916,3.6258,3.656,3.6828,3.7066,3.7277,3.7466,3.7634,3.7784,3.7919,3.804
2014-01-31,0.1312,0.3475,0.7256,1.1386,1.5297,1.8773,2.1764,2.4299,2.6431,2.8219,2.9722,3.0986,3.2055,3.2961,3.3732,3.4391,3.4956,3.5442,3.5861,3.6223,3.6537,3.681,3.7047,3.7254,3.7435,3.7592,3.773,3.7851,3.7957,3.805
2013-12-31,0.1511,0.3953,0.8306,1.3095,1.7627,2.1628,2.5029,2.7859,3.0189,3.2097,3.3658,3.494,3.5996,3.6873,3.7606,3.8225,3.8751,3.9203,3.9594,3.9936,4.0238,4.0505,4.0745,4.0961,4.1157,4.1335,4.1498,4.1649,4.1787,4.1916
2013-11-30,0.148,0.2899,0.6064,0.9963,1.3998,1.784,2.1323,2.4385,2.702,2.9255,3.113,3.2694,3.3992,3.5068,3.5959,3.6699,3.7314,3.7829,3.8262,3.8628,3.894,3.9208,3.944,3.9642,3.9821,3.9979,4.0121,4.0249,4.0365,4.0471
2013-10-31,0.1388,0.3178,0.6224,0.977,1.3373,1.6787,1.9889,2.2636,2.5023,2.7075,2.8825,3.031,3.1568,3.2633,3.3537,3.4306,3.4964,3.5528,3.6016,3.644,3.6812,3.7139,3.743,3.7689,3.7923,3.8134,3.8326,3.8502,3.8663,3.8813
2013-09-30,0.1231,0.3385,0.6743,1.0492,1.4196,1.7636,2.0722,2.3432,2.5781,2.78,2.9528,3.1003,3.2262,3.3336,3.4255,3.5041,3.5716,3.6297,3.6798,3.7232,3.7608,3.7936,3.8223,3.8474,3.8695,3.889,3.9063,3.9216,3.9353,3.9475
2013-08-31,0.155,0.4277,0.8292,1.2502,1.6428,1.9898,2.2881,2.5411,2.7545,2.934,3.0851,3.2125,3.3203,3.4116,3.4892,3.5551,3.6113,3.6592,3.6999,3.7347,3.7642,3.7892,3.8104,3.8282,3.8431,3.8554,3.8656,3.8739,3.8805,3.8857
2013-07-31,0.1372,0.3253,0.6514,1.0228,1.3913,1.7338,2.0409,2.3106,2.5445,2.7457,2.918,3.0652,3.1905,3.2971,3.3875,3.4641,3.5288,3.5832,3.6288,3.6668,3.6982,3.7238,3.7445,3.7609,3.7736,3.783,3.7896,3.7937,3.7958,3.796
2013-06-30,0.1925,0.3866,0.7144,1.071,1.4126,1.7231,1.9989,2.2414,2.4536,2.639,2.8007,2.9416,3.0642,3.1706,3.2626,3.3417,3.4092,3.4664,3.5144,3.5539,3.5859,3.6112,3.6303,3.6439,3.6525,3.6567,3.6569,3.6534,3.6467,3.6371
2013-05-31,0.1652,0.3179,0.5347,0.7865,1.0529,1.3195,1.577,1.8192,2.0427,2.2458,2.4279,2.5896,2.7317,2.8557,2.963,3.0552,3.1339,3.2006,3.2567,3.3035,3.3423,3.3742,3.4001,3.4208,3.4372,3.4499,3.4595,3.4665,3.4712,3.4742
2013-04-30,0.1514,0.2005,0.3215,0.4902,0.688,0.901,1.1187,1.3337,1.5405,1.7356,1.9167,2.0825,2.2324,2.3664,2.4851,2.589,2.679,2.7561,2.8214,2.8758,2.9205,2.9564,2.9844,3.0056,3.0206,3.0302,3.0352,3.0361,3.0336,3.0281
2013-03-31,0.177,0.2398,0.3785,0.5669,0.785,1.0179,1.2546,1.487,1.7097,1.919,2.1125,2.2889,2.448,2.5897,2.7147,2.8237,2.9178,2.9981,3.0658,3.1219,3.1677,3.2042,3.2325,3.2535,3.2682,3.2772,3.2814,3.2815,3.278,3.2715
2013-02-28,0.1854,0.2325,0.3689,0.5622,0.7886,1.0305,1.2753,1.5141,1.741,1.9523,2.1457,2.3204,2.4761,2.6134,2.7332,2.8365,2.9247,2.9991,3.061,3.1117,3.1526,3.1848,3.2094,3.2273,3.2395,3.2468,3.2499,3.2494,3.2459,3.24
2013-01-31,0.1766,0.2619,0.4311,0.6507,0.8965,1.1513,1.4032,1.6442,1.8695,2.076,2.2626,2.4289,2.5756,2.7035,2.8141,2.9088,2.989,3.0564,3.1123,3.1581,3.1952,3.2246,3.2474,3.2646,3.2769,3.2852,3.2901,3.2921,3.2917,3.2894
2012-12-31,0.1943,0.2485,0.3756,0.5505,0.7539,0.9715,1.1928,1.4102,1.6183,1.8137,1.9941,2.1585,2.3063,2.4378,2.5536,2.6543,2.741,2.8147,2.8765,2.9276,2.969,3.0017,3.0268,3.0451,3.0575,3.0648,3.0675,3.0665,3.0622,3.0551
2012-11-30,0.218,0.2385,0.3342,0.4807,0.6592,0.8555,1.0591,1.2621,1.459,1.6459,1.8204,1.9809,2.1267,2.2578,2.3742,2.4768,2.5661,2.643,2.7086,2.7637,2.8094,2.8465,2.876,2.8987,2.9155,2.9269,2.9338,2.9367,2.9361,2.9326
2012-10-31,0.2217,0.281,0.4038,0.5687,0.7593,0.9631,1.1708,1.3756,1.5726,1.7585,1.931,2.0891,2.2321,2.3601,2.4733,2.5725,2.6582,2.7316,2.7934,2.8447,2.8865,2.9197,2.9452,2.9638,2.9764,2.9836,2.9862,2.9848,2.9798,2.9719
2012-09-30,0.2013,0.2207,0.318,0.4682,0.6522,0.8553,1.0663,1.2771,1.4818,1.676,1.8572,2.0236,2.1744,2.3092,2.4284,2.5323,2.6218,2.6979,2.7613,2.8133,2.8547,2.8867,2.9102,2.9262,2.9354,2.9388,2.937,2.9308,2.9207,2.9074
2012-08-31,0.1966,0.2111,0.3058,0.4535,0.6335,0.8307,1.0336,1.2345,1.4275,1.6092,1.7771,1.9302,2.0678,2.1903,2.298,2.3917,2.4724,2.5412,2.599,2.647,2.6861,2.7173,2.7417,2.7599,2.7728,2.7811,2.7855,2.7864,2.7845,2.7801
2012-07-31,0.1843,0.2125,0.3105,0.4547,0.6273,0.8146,1.007,1.1971,1.3799,1.5522,1.7117,1.8574,1.9887,2.1057,2.2089,2.2989,2.3765,2.4426,2.4983,2.5444,2.582,2.612,2.6351,2.6523,2.6642,2.6715,2.6749,2.6748,2.6719,2.6665
2012-06-30,0.259,0.3214,0.4387,0.593,0.7704,0.9602,1.154,1.3459,1.5314,1.7073,1.8715,2.0227,2.1603,2.2841,2.3941,2.4909,2.575,2.6471,2.7081,2.7588,2.8,2.8327,2.8575,2.8754,2.887,2.893,2.8942,2.8911,2.8842,2.874
2012-05-31,0.2379,0.2797,0.3844,0.5308,0.7026,0.8878,1.0771,1.2642,1.4443,1.6145,1.7728,1.918,2.0498,2.1682,2.2734,2.3662,2.4473,2.5174,2.5776,2.6286,2.6714,2.7068,2.7356,2.7585,2.7763,2.7895,2.7987,2.8046,2.8074,2.8078
2012-04-30,0.21,0.2669,0.4153,0.6202,0.8562,1.1051,1.3539,1.5941,1.8202,2.0288,2.2181,2.3878,2.538,2.6697,2.784,2.8822,2.9659,3.0364,3.0953,3.1438,3.1833,3.2148,3.2396,3.2585,3.2723,3.2819,3.2878,3.2908,3.2911,3.2894
2012-03-31,0.2351,0.353,0.5569,0.8098,1.0854,1.3655,1.6378,1.8947,2.1315,2.3459,2.537,2.7054,2.852,2.9783,3.086,3.177,3.253,3.3159,3.3672,3.4085,3.4412,3.4664,3.4854,3.499,3.5082,3.5136,3.516,3.5158,3.5135,3.5095
2012-02-29,0.2128,0.2954,0.4576,0.6686,0.9056,1.1525,1.3977,1.6333,1.8544,2.0579,2.2424,2.4072,2.5529,2.6801,2.79,2.8839,2.9633,3.0296,3.0841,3.1282,3.1632,3.1903,3.2104,3.2246,3.2337,3.2385,3.2396,3.2377,3.2332,3.2267
2012-01-31,0.1551,0.1883,0.3205,0.5145,0.7432,0.9872,1.2327,1.4706,1.6946,1.9013,2.0886,2.2561,2.4039,2.5327,2.6439,2.7387,2.8187,2.8853,2.94,2.9843,3.0194,3.0465,3.0667,3.0811,3.0904,3.0955,3.097,3.0956,3.0917,3.0858
2011-12-31,0.1493,0.2425,0.4165,0.6365,0.8778,1.1237,1.363,1.5886,1.7963,1.9843,2.1518,2.2994,2.4279,2.5388,2.6337,2.7141,2.7817,2.838,2.8845,2.9225,2.9531,2.9776,2.9967,3.0113,3.0222,3.03,3.0351,3.038,3.0393,3.039
2011-11-30,0.1573,0.2476,0.447,0.7041,0.9846,1.2663,1.5354,1.784,2.008,2.2063,2.3791,2.528,2.6549,2.762,2.8518,2.9265,2.988,3.0384,3.0794,3.1124,3.1388,3.1596,3.1759,3.1884,3.1979,3.2048,3.2097,3.213,3.215,3.2159
2011-10-31,0.1628,0.2454,0.4511,0.7216,1.0185,1.3168,1.6013,1.8634,2.0988,2.3063,2.4865,2.641,2.772,2.8822,2.974,3.0499,3.1122,3.1629,3.2039,3.2367,3.2628,3.2832,3.299,3.3111,3.3201,3.3266,3.3311,3.3341,3.3357,3.3364
2011-09-30,0.1739,0.2853,0.4734,0.7037,0.9519,1.2019,1.443,1.6685,1.875,2.0606,2.2253,2.3696,2.4947,2.6022,2.6937,2.7711,2.8358,2.8896,2.9339,2.97,2.9991,3.0222,3.0403,3.0542,3.0645,3.0718,3.0767,3.0797,3.081,3.0809
2011-08-31,0.1314,0.1896,0.3866,0.6606,0.9702,1.2882,1.5976,1.8882,2.1548,2.3951,2.609,2.7975,2.9625,3.1061,3.2307,3.3385,3.4316,3.5121,3.5815,3.6416,3.6937,3.7389,3.7783,3.8128,3.843,3.8697,3.8934,3.9145,3.9333,3.9503
2011-07-31,0.2606,0.3378,0.5963,0.9487,1.3384,1.7299,2.1021,2.4436,2.749,3.0174,3.25,3.4494,3.619,3.7622,3.8825,3.9833,4.0673,4.1374,4.1956,4.2441,4.2844,4.318,4.346,4.3694,4.3891,4.4057,4.4198,4.4318,4.442,4.4509
2011-06-30,0.2215,0.481,0.8699,1.3096,1.7521,2.1704,2.5506,2.8872,3.1796,3.4302,3.6429,3.8222,3.9724,4.0979,4.2027,4.29,4.3628,4.4237,4.4748,4.5178,4.5542,4.5852,4.6117,4.6346,4.6544,4.6718,4.6871,4.7007,4.7129,4.7238
2011-05-31,0.2054,0.4419,0.8166,1.2432,1.6716,2.0741,2.4375,2.7573,3.0338,3.27,3.4703,3.6393,3.7816,3.9013,4.0022,4.0875,4.1598,4.2216,4.2745,4.3203,4.36,4.3949,4.4256,4.453,4.4774,4.4995,4.5194,4.5377,4.5544,4.5697
2011-04-30,0.2402,0.5807,1.0406,1.5228,1.9799,2.3918,2.7524,3.063,3.3279,3.5526,3.7426,3.9032,4.0387,4.1532,4.2499,4.3315,4.4004,4.4585,4.5075,4.5487,4.5832,4.6121,4.6361,4.6559,4.6722,4.6854,4.696,4.7044,4.7108,4.7156
2011-03-31,0.332,0.7771,1.3029,1.8066,2.2544,2.6408,2.9707,3.252,3.4921,3.6977,3.8743,4.0264,4.1574,4.2702,4.3673,4.4505,4.5216,4.5819,4.6327,4.675,4.7097,4.7376,4.7595,4.776,4.7876,4.7949,4.7983,4.7982,4.795,4.7891
2011-02-28,0.2846,0.6618,1.1721,1.6821,2.1436,2.5445,2.8872,3.1787,3.4268,3.6385,3.8198,3.9754,4.1092,4.2244,4.3235,4.4086,4.4815,4.5438,4.5965,4.6408,4.6777,4.708,4.7324,4.7515,4.7658,4.776,4.7824,4.7855,4.7856,4.783
2011-01-31,0.2831,0.5544,0.9969,1.4862,1.9616,2.3962,2.7809,3.1154,3.4031,3.6494,3.8593,4.0381,4.1901,4.3193,4.4287,4.5214,4.5996,4.6653,4.7203,4.7658,4.8033,4.8337,4.858,4.8769,4.8911,4.9013,4.9079,4.9115,4.9123,4.9108
2010-12-31,0.3033,0.5956,1.0605,1.5529,2.0129,2.4201,2.7719,3.0724,3.3279,3.5448,3.7289,3.8852,4.0179,4.1302,4.2252,4.305,4.3718,4.4272,4.4726,4.5093,4.5383,4.5606,4.5769,4.588,4.5945,4.5969,4.5958,4.5916,4.5846,4.5752
2010-11-30,0.2991,0.4523,0.7476,1.1077,1.4857,1.8542,2.1983,2.511,2.7899,3.0356,3.25,3.4359,3.5963,3.7343,3.8526,3.954,4.0408,4.1149,4.1782,4.2323,4.2785,4.318,4.3516,4.3804,4.4049,4.4259,4.4437,4.459,4.472,4.483
2010-10-31,0.2423,0.2932,0.5304,0.864,1.236,1.6109,1.9678,2.2955,2.5894,2.8482,3.0736,3.2679,3.4345,3.5767,3.6978,3.8008,3.8884,3.9631,4.0268,4.0814,4.1283,4.1689,4.2042,4.2349,4.262,4.2859,4.3072,4.3263,4.3435,4.3591
2010-09-30,0.278,0.3917,0.6503,0.9771,1.3243,1.6635,1.9793,2.264,2.5154,2.7339,2.9219,3.0825,3.2189,3.3344,3.4321,3.5148,3.5848,3.6443,3.6951,3.7385,3.7759,3.8083,3.8364,3.8612,3.883,3.9024,3.9197,3.9354,3.9495,3.9624
2010-08-31,0.2973,0.4487,0.7211,1.0444,1.3768,1.6943,1.9848,2.2431,2.4687,2.663,2.829,2.97,3.0893,3.1902,3.2756,3.348,3.4096,3.4623,3.5074,3.5465,3.5804,3.6101,3.6363,3.6595,3.6802,3.6989,3.7157,3.7311,3.7451,3.7581
2010-07-31,0.318,0.5048,0.8423,1.2411,1.648,2.0332,2.3817,2.6877,2.9508,3.1736,3.3602,3.5151,3.643,3.7482,3.8344,3.905,3.9629,4.0104,4.0495,4.0818,4.1086,4.131,4.1499,4.1658,4.1795,4.1913,4.2015,4.2105,4.2184,4.2255
2010-06-30,0.3474,0.6085,1.0034,1.4293,1.8368,2.205,2.5274,2.8048,3.0407,3.24,3.4075,3.5478,3.6647,3.7617,3.8417,3.9072,3.9603,4.0028,4.0361,4.0617,4.0805,4.0936,4.1017,4.1056,4.1058,4.103,4.0974,4.0897,4.08,4.0687
2010-05-31,0.4127,0.7839,1.2604,1.7409,2.1819,2.5682,2.8984,3.1767,3.4094,3.6032,3.764,3.8971,4.0069,4.0972,4.1711,4.2312,4.2796,4.3181,4.3482,4.3711,4.388,4.3997,4.407,4.4106,4.4111,4.4088,4.4044,4.398,4.3901,4.3809
2010-04-30,0.4595,0.9489,1.4901,2.0092,2.4749,2.8777,3.2186,3.5033,3.7391,3.9333,4.0926,4.2228,4.3289,4.415,4.4846,4.5404,4.5849,4.6199,4.6471,4.6678,4.6831,4.6939,4.7011,4.7051,4.7066,4.7061,4.7038,4.7002,4.6954,4.6898
2010-03-31,0.4409,0.9996,1.578,2.1203,2.6032,3.0203,3.3739,3.6699,3.9157,4.1186,4.2851,4.4211,4.5318,4.6213,4.6932,4.7505,4.7957,4.8307,4.8574,4.8771,4.891,4.9002,4.9054,4.9073,4.9066,4.9037,4.899,4.8929,4.8856,4.8774
2010-02-28,0.3479,0.8023,1.325,1.8493,2.3383,2.7745,3.1518,3.4708,3.7359,3.9532,4.1292,4.2704,4.3827,4.4712,4.5405,4.5943,4.6358,4.6675,4.6914,4.7093,4.7226,4.7322,4.739,4.7436,4.7467,4.7485,4.7493,4.7495,4.7492,4.7486
2010-01-31,0.3272,0.82,1.3629,1.8948,2.3833,2.8141,3.1831,3.4927,3.7481,3.9561,4.1236,4.2571,4.3627,4.4455,4.5099,4.5597,4.5979,4.6268,4.6486,4.6648,4.6767,4.6852,4.6912,4.6952,4.6978,4.6993,4.6999,4.7,4.6996,4.6989
2009-12-31,0.5461,1.1416,1.7052,2.2213,2.6824,3.0863,3.4343,3.7299,3.9776,4.1824,4.3497,4.4843,4.5909,4.6738,4.7368,4.7831,4.8157,4.837,4.8493,4.8541,4.8531,4.8475,4.8384,4.8265,4.8127,4.7974,4.7811,4.7642,4.7469,4.7296
2009-11-30,0.2747,0.6443,1.1007,1.5742,2.0255,2.4344,2.7927,3.0994,3.3572,3.5711,3.7466,3.8893,4.0046,4.0972,4.1712,4.2301,4.2769,4.3139,4.3431,4.3662,4.3845,4.3988,4.4102,4.4192,4.4263,4.432,4.4366,4.4402,4.4432,4.4456
2009-10-31,0.3891,0.9053,1.4207,1.9066,2.3477,2.7371,3.0735,3.3591,3.5979,3.7947,3.9547,4.083,4.1845,4.2634,4.3236,4.3684,4.4006,4.4227,4.4366,4.4441,4.4466,4.4451,4.4407,4.434,4.4257,4.4161,4.4058,4.3951,4.384,4.3728
2009-09-30,0.4204,0.9265,1.4327,1.9088,2.3387,2.7157,3.0385,3.3096,3.5334,3.715,3.8599,3.9736,4.0609,4.1263,4.1737,4.2064,4.2273,4.2389,4.2431,4.2416,4.2357,4.2266,4.215,4.2017,4.1873,4.1722,4.1567,4.141,4.1255,4.1102
2009-08-31,0.4501,0.9684,1.4905,1.9836,2.43,2.8217,3.1574,3.4391,3.6713,3.8593,4.0088,4.1254,4.2142,4.28,4.3269,4.3584,4.3775,4.3868,4.3883,4.384,4.3751,4.3628,4.3481,4.3318,4.3143,4.2961,4.2776,4.2591,4.2408,4.2228
2009-07-31,0.5462,1.1102,1.6408,2.1253,2.5577,2.9363,3.2624,3.5392,3.7706,3.9615,4.1164,4.2399,4.3364,4.4098,4.4638,4.5014,4.5254,4.5383,4.5422,4.5387,4.5294,4.5156,4.4982,4.4783,4.4564,4.4331,4.409,4.3845,4.3597,4.3351
2009-06-30,0.5577,1.0906,1.624,2.1257,2.5784,2.9746,3.3132,3.5968,3.83,4.0184,4.168,4.2843,4.3727,4.4379,4.4841,4.515,4.5335,4.5422,4.5432,4.5384,4.5291,4.5165,4.5014,4.4848,4.467,4.4486,4.43,4.4113,4.3929,4.3748
2009-05-31,0.4912,0.9107,1.3924,1.8842,2.3541,2.7837,3.1639,3.4918,3.7683,3.9965,4.1809,4.3265,4.4385,4.5218,4.5808,4.6197,4.642,4.6509,4.6491,4.6387,4.6219,4.6,4.5744,4.5462,4.5162,4.4851,4.4535,4.4217,4.3902,4.3591
2009-04-30,0.5169,0.9121,1.3237,1.7324,2.1247,2.4916,2.8274,3.129,3.3954,3.6265,3.8236,3.9885,4.1234,4.2307,4.3129,4.3727,4.4124,4.4344,4.4411,4.4343,4.4161,4.3881,4.352,4.309,4.2604,4.2072,4.1506,4.0912,4.0298,3.967
2009-03-31,0.5716,0.7751,1.0661,1.3998,1.7454,2.0824,2.3977,2.6836,2.9364,3.1547,3.3393,3.4919,3.615,3.7113,3.7838,3.8356,3.8692,3.8874,3.8926,3.8868,3.8721,3.85,3.822,3.7894,3.7533,3.7145,3.6738,3.6319,3.5893,3.5464
2009-02-28,0.7238,0.9618,1.3135,1.7159,2.1273,2.5209,2.8806,3.198,3.4695,3.6952,3.8771,4.0187,4.124,4.1974,4.2432,4.2655,4.268,4.2543,4.2272,4.1895,4.1435,4.091,4.0339,3.9734,3.9108,3.8469,3.7825,3.7183,3.6547,3.5922
2009-01-31,0.5447,0.8164,1.1806,1.5855,1.9961,2.3891,2.7499,3.0704,3.3469,3.5787,3.7672,3.9152,4.0261,4.1038,4.1521,4.175,4.176,4.1587,4.126,4.0807,4.0253,3.9618,3.8921,3.8178,3.7403,3.6606,3.5798,3.4985,3.4175,3.3372
2008-12-31,0.385,0.5713,0.8642,1.2057,1.5568,1.8928,2.1988,2.4668,2.6936,2.8791,3.0252,3.1351,3.2125,3.2614,3.2857,3.2892,3.2752,3.2471,3.2074,3.1587,3.103,3.0421,2.9775,2.9104,2.8419,2.7728,2.7038,2.6354,2.5681,2.5021
2008-11-30,0.7711,0.778,1.0588,1.472,1.9281,2.373,2.7763,3.1234,3.4093,3.6351,3.8053,3.9261,4.0044,4.0469,4.0601,4.0496,4.0204,3.977,3.9228,3.8608,3.7936,3.723,3.6505,3.5776,3.5049,3.4333,3.3633,3.2953,3.2294,3.166
2008-10-31,1.3325,1.4104,1.7918,2.3117,2.8675,3.398,3.8702,4.2686,4.5895,4.8355,5.0132,5.1309,5.1974,5.2213,5.2106,5.1723,5.1125,5.0366,4.9488,4.8527,4.7513,4.6468,4.5412,4.4358,4.3317,4.2298,4.1305,4.0344,3.9416,3.8523
2008-09-30,1.7961,1.988,2.2865,2.629,2.9759,3.303,3.5969,3.8515,4.0652,4.2394,4.3768,4.4815,4.5574,4.6088,4.6395,4.653,4.6526,4.6409,4.6204,4.5931,4.5606,4.5244,4.4856,4.4451,4.4037,4.362,4.3204,4.2793,4.239,4.1996
2008-08-31,2.1327,2.3386,2.5768,2.8286,3.0806,3.3233,3.5504,3.7579,3.9437,4.1067,4.247,4.3653,4.4627,4.5406,4.6007,4.6445,4.6738,4.6901,4.695,4.69,4.6764,4.6554,4.6282,4.5959,4.5592,4.519,4.4761,4.431,4.3842,4.3364
2008-07-31,2.1903,2.4724,2.7498,3.0168,3.2694,3.505,3.7215,3.9181,4.0943,4.2501,4.386,4.5027,4.601,4.682,4.7467,4.7964,4.8321,4.8551,4.8664,4.8672,4.8585,4.8414,4.8167,4.7853,4.7481,4.7058,4.6591,4.6086,4.5549,4.4986
2008-06-30,2.2955,2.597,2.8781,3.138,3.3763,3.5931,3.7888,3.9638,4.119,4.2552,4.3734,4.4746,4.5599,4.6302,4.6868,4.7305,4.7624,4.7836,4.7949,4.7973,4.7915,4.7784,4.7588,4.7333,4.7025,4.6672,4.6278,4.5849,4.539,4.4904
2008-05-31,2.2514,2.6018,2.9188,3.2045,3.461,3.6905,3.8949,4.0759,4.2352,4.3746,4.4955,4.5994,4.6876,4.7613,4.8219,4.8703,4.9076,4.9347,4.9527,4.9622,4.9641,4.9591,4.9479,4.9311,4.9092,4.8828,4.8524,4.8184,4.7813,4.7413
2008-04-30,1.9032,2.21,2.5067,2.7891,3.0541,3.2998,3.5249,3.7291,3.9121,4.0743,4.2164,4.3392,4.4436,4.5308,4.6017,4.6578,4.6999,4.7294,4.7474,4.7548,4.7527,4.7422,4.724,4.6991,4.6682,4.6321,4.5914,4.5468,4.4988,4.4479
2008-03-31,1.4636,1.6041,1.8392,2.1278,2.4402,2.7553,3.0588,3.3414,3.5974,3.8236,4.019,4.1839,4.3194,4.4274,4.51,4.5694,4.6082,4.6286,4.633,4.6233,4.6016,4.5697,4.5292,4.4816,4.4281,4.3699,4.308,4.2434,4.1766,4.1085
2008-02-29,1.6168,1.6214,1.8822,2.2242,2.5738,2.9017,3.1974,3.4588,3.6868,3.8837,4.0521,4.1948,4.3142,4.4127,4.4923,4.5552,4.603,4.6373,4.6597,4.6713,4.6736,4.6674,4.6538,4.6337,4.6079,4.5771,4.542,4.5031,4.461,4.4162
2008-01-31,2.1363,2.1475,2.3194,2.5666,2.8393,3.1092,3.3612,3.5881,3.7872,3.9585,4.1032,4.2234,4.3216,4.4,4.4609,4.5064,4.5384,4.5588,4.569,4.5704,4.5642,4.5516,4.5334,4.5105,4.4837,4.4535,4.4206,4.3854,4.3483,4.3098
2007-12-31,3.2102,3.0303,3.0733,3.2294,3.4322,3.6432,3.8412,4.0162,4.1644,4.2859,4.3827,4.4578,4.5143,4.5554,4.5838,4.6022,4.6127,4.6169,4.6164,4.6123,4.6056,4.597,4.5872,4.5765,4.5653,4.5539,4.5424,4.5311,4.52,4.5092
2007-11-30,3.1942,3.0362,3.0841,3.2343,3.4252,3.6215,3.8045,3.9655,4.1016,4.2134,4.303,4.3733,4.4273,4.4679,4.4976,4.5187,4.5331,4.5422,4.5472,4.5493,4.5491,4.5472,4.5442,4.5404,4.536,4.5313,4.5264,4.5215,4.5166,4.5118
2007-10-31,4.0285,3.9101,3.9112,3.9806,4.0846,4.2016,4.3181,4.4263,4.5223,4.6042,4.672,4.7264,4.7687,4.8003,4.8227,4.8374,4.8456,4.8487,4.8475,4.843,4.836,4.8271,4.8167,4.8054,4.7933,4.7809,4.7684,4.7558,4.7433,4.731
2007-09-30,4.0275,3.9578,3.9834,4.065,4.1752,4.2961,4.416,4.5278,4.6274,4.713,4.7841,4.8413,4.8853,4.9177,4.9396,4.9526,4.958,4.957,4.9508,4.9403,4.9265,4.9101,4.8917,4.8718,4.851,4.8295,4.8077,4.7858,4.7641,4.7426
2007-08-31,4.2885,4.151,4.1143,4.1426,4.2101,4.2986,4.3955,4.4922,4.5832,4.6652,4.7365,4.7964,4.8448,4.8822,4.9096,4.9278,4.9378,4.9407,4.9376,4.9292,4.9165,4.9002,4.8811,4.8597,4.8366,4.8121,4.7868,4.7609,4.7346,4.7083
2007-07-31,4.7404,4.5331,4.4761,4.4933,4.5452,4.611,4.6795,4.745,4.8046,4.8569,4.9014,4.9382,4.9676,4.9901,5.0063,5.0165,5.0216,5.0218,5.0179,5.0102,4.9992,4.9854,4.969,4.9504,4.9299,4.9078,4.8844,4.8599,4.8344,4.8082
2007-06-30,4.9173,4.8475,4.8202,4.8233,4.8474,4.8848,4.9296,4.9775,5.0251,5.0699,5.1103,5.1451,5.1736,5.1955,5.2105,5.2188,5.2205,5.2159,5.2053,5.1892,5.168,5.142,5.1116,5.0774,5.0397,4.9988,4.9551,4.9089,4.8606,4.8105
2007-05-31,4.9679,4.8813,4.8154,4.7781,4.768,4.7797,4.807,4.8441,4.8861,4.9292,4.9705,5.0081,5.0405,5.067,5.087,5.1004,5.1072,5.1077,5.102,5.0906,5.0738,5.0521,5.0259,4.9955,4.9614,4.924,4.8836,4.8406,4.7953,4.748
2007-04-30,4.8408,4.575,4.4561,4.4212,4.4333,4.4707,4.5204,4.5744,4.6283,4.6793,4.7258,4.7671,4.8029,4.8331,4.8578,4.8773,4.8919,4.902,4.9078,4.9097,4.908,4.9032,4.8954,4.8851,4.8724,4.8576,4.8409,4.8227,4.803,4.7821
2007-03-31,4.8309,4.5896,4.4797,4.4481,4.4619,4.5009,4.5524,4.6086,4.6648,4.718,4.7667,4.8098,4.8471,4.8783,4.9037,4.9235,4.9379,4.9474,4.9523,4.953,4.9499,4.9432,4.9335,4.9208,4.9057,4.8883,4.8689,4.8478,4.8251,4.8011
2007-02-28,4.8384,4.6016,4.4811,4.4327,4.4281,4.4491,4.484,4.5253,4.5682,4.6097,4.6481,4.6822,4.7115,4.7358,4.755,4.7694,4.7792,4.7846,4.786,4.7836,4.7778,4.7689,4.7573,4.7431,4.7267,4.7083,4.6881,4.6664,4.6434,4.6192
2007-01-31,5.0035,4.8697,4.7881,4.7453,4.7307,4.736,4.7547,4.782,4.8139,4.8476,4.881,4.9124,4.9407,4.9651,4.9851,5.0005,5.011,5.0167,5.0176,5.0139,5.0058,4.9935,4.9772,4.9573,4.934,4.9075,4.8781,4.846,4.8116,4.7751
2006-12-31,4.953,4.7738,4.6687,4.6164,4.6006,4.6094,4.634,4.6676,4.7056,4.7444,4.7816,4.8155,4.8448,4.869,4.8876,4.9004,4.9074,4.9089,4.9049,4.8958,4.882,4.8636,4.8411,4.8148,4.785,4.7521,4.7165,4.6783,4.6378,4.5954
2006-11-30,4.8173,4.5687,4.4336,4.3708,4.3532,4.363,4.3887,4.4226,4.4596,4.4965,4.5314,4.5629,4.5904,4.6135,4.6321,4.6462,4.656,4.6618,4.6637,4.662,4.657,4.6491,4.6384,4.6253,4.6099,4.5926,4.5735,4.5528,4.5308,4.5076
2006-10-31,4.8797,4.6572,4.5426,4.4947,4.4872,4.5034,4.5327,4.5683,4.6057,4.6423,4.6765,4.7071,4.7338,4.7563,4.7745,4.7886,4.7987,4.8051,4.808,4.8077,4.8044,4.7984,4.79,4.7793,4.7667,4.7523,4.7363,4.7189,4.7003,4.6807
2006-09-30,4.8775,4.6603,4.552,4.5101,4.5077,4.5282,4.5609,4.5991,4.6385,4.6766,4.7119,4.7433,4.7705,4.7933,4.8117,4.8258,4.8359,4.8422,4.845,4.8445,4.841,4.8348,4.8262,4.8153,4.8025,4.7879,4.7718,4.7543,4.7356,4.7158
2006-08-31,4.9509,4.7425,4.6434,4.6089,4.6118,4.6355,4.6697,4.7084,4.7477,4.7853,4.8199,4.8507,4.8774,4.9,4.9184,4.9328,4.9434,4.9505,4.9544,4.9552,4.9532,4.9488,4.9421,4.9334,4.9228,4.9106,4.8969,4.882,4.866,4.849
2006-07-31,5.0645,4.9342,4.8593,4.827,4.8258,4.8462,4.8803,4.9221,4.9671,5.0117,5.0536,5.091,5.1229,5.1485,5.1675,5.1798,5.1856,5.1849,5.1782,5.1658,5.1481,5.1254,5.0982,5.067,5.0321,4.9938,4.9526,4.9088,4.8627,4.8146
2006-06-30,5.2101,5.1304,5.0576,5.0167,5.0076,5.0223,5.0523,5.0903,5.131,5.1707,5.207,5.2384,5.2643,5.2841,5.298,5.306,5.3085,5.3057,5.2982,5.2863,5.2704,5.251,5.2284,5.2029,5.175,5.1449,5.113,5.0794,5.0445,5.0085
2006-05-31,5.0399,5.0028,4.9668,4.9502,4.9563,4.9818,5.0213,5.0692,5.1206,5.1718,5.22,5.2631,5.2999,5.3295,5.3517,5.3664,5.3736,5.3737,5.367,5.3541,5.3352,5.3111,5.282,5.2485,5.211,5.17,5.1259,5.079,5.0297,4.9783
2006-04-30,4.8822,4.8381,4.8209,4.8283,4.8554,4.8968,4.9474,5.0027,5.0591,5.1138,5.1648,5.2105,5.25,5.2827,5.3084,5.3269,5.3384,5.3431,5.3414,5.3335,5.32,5.3012,5.2775,5.2494,5.2173,5.1816,5.1427,5.1008,5.0565,5.0098
2006-03-31,4.8263,4.8103,4.7813,4.7624,4.7603,4.7745,4.8014,4.8368,4.8765,4.9172,4.9562,4.9917,5.0222,5.047,5.0656,5.0778,5.0836,5.0832,5.0769,5.0649,5.0477,5.0257,4.9992,4.9687,4.9346,4.8971,4.8568,4.8139,4.7688,4.7217
2006-02-28,4.69,4.6588,4.6165,4.5807,4.5577,4.5484,4.5508,4.562,4.5791,4.5994,4.6206,4.6409,4.659,4.6738,4.6849,4.6916,4.694,4.6918,4.6852,4.6744,4.6594,4.6405,4.6181,4.5923,4.5634,4.5318,4.4976,4.4612,4.4227,4.3825
2006-01-31,4.5557,4.4998,4.4596,4.4391,4.4372,4.4505,4.4751,4.507,4.543,4.5803,4.6167,4.6506,4.6807,4.7063,4.727,4.7424,4.7524,4.7572,4.7568,4.7514,4.7414,4.7271,4.7086,4.6864,4.6607,4.6319,4.6002,4.566,4.5295,4.4909
2005-12-31,4.4007,4.3815,4.3389,4.3066,4.2946,4.3026,4.3262,4.3604,4.4004,4.4422,4.483,4.5206,4.5537,4.5813,4.603,4.6185,4.6279,4.6313,4.629,4.6213,4.6086,4.5913,4.5696,4.5441,4.5151,4.483,4.448,4.4105,4.3708,4.3292
2005-11-30,4.3798,4.3993,4.3699,4.3517,4.359,4.3896,4.4363,4.492,4.5507,4.6083,4.6619,4.7096,4.7503,4.7837,4.8096,4.828,4.8394,4.8441,4.8425,4.8352,4.8227,4.8053,4.7836,4.758,4.729,4.6969,4.6621,4.625,4.5859,4.5449
2005-10-31,4.3269,4.4013,4.4003,4.3957,4.4083,4.4397,4.4846,4.5373,4.5925,4.6465,4.6967,4.7414,4.7796,4.8109,4.8352,4.8525,4.8633,4.8678,4.8665,4.8598,4.8482,4.8321,4.8119,4.7882,4.7612,4.7313,4.699,4.6644,4.6279,4.5898
2005-09-30,4.1353,4.1302,4.1174,4.1411,4.1823,4.2299,4.2788,4.3266,4.3721,4.4146,4.454,4.4901,4.523,4.5527,4.5795,4.6034,4.6246,4.6432,4.6595,4.6735,4.6855,4.6955,4.7037,4.7102,4.7152,4.7188,4.721,4.722,4.7219,4.7207
2005-08-31,3.7522,3.8071,3.8086,3.8094,3.8261,3.8605,3.9083,3.9646,4.0246,4.0844,4.1413,4.1935,4.2397,4.2793,4.3119,4.3376,4.3565,4.3688,4.3748,4.3751,4.37,4.3598,4.3451,4.3262,4.3036,4.2776,4.2485,4.2167,4.1825,4.1463
2005-07-31,3.8567,4.0108,4.0508,4.0645,4.0842,4.1179,4.1644,4.2192,4.2777,4.3361,4.3916,4.4422,4.4865,4.5239,4.554,4.5769,4.5926,4.6016,4.6041,4.6006,4.5915,4.5772,4.5583,4.5352,4.5082,4.4778,4.4444,4.4082,4.3697,4.3291
2005-06-30,3.5033,3.6194,3.6445,3.6589,3.6879,3.7349,3.7957,3.8645,3.9363,4.0069,4.0737,4.1347,4.1888,4.2355,4.2745,4.3058,4.3299,4.3468,4.3571,4.3612,4.3596,4.3527,4.3409,4.3247,4.3045,4.2808,4.2538,4.2239,4.1915,4.1568
2005-05-31,3.3845,3.5692,3.6303,3.6672,3.7129,3.7738,3.8468,3.9268,4.0087,4.0887,4.1639,4.2327,4.2939,4.347,4.3919,4.4287,4.4575,4.4789,4.4931,4.5008,4.5023,4.4982,4.489,4.475,4.4567,4.4346,4.409,4.3802,4.3487,4.3148
2005-04-30,3.3855,3.6232,3.725,3.7923,3.8608,3.9392,4.026,4.1169,4.2076,4.2946,4.3755,4.4487,4.5132,4.5687,4.6152,4.6527,4.6817,4.7026,4.7159,4.7222,4.7219,4.7157,4.704,4.6874,4.6663,4.6411,4.6124,4.5804,4.5455,4.5082
2005-03-31,3.4287,3.7855,3.9514,4.0541,4.1429,4.2334,4.3275,4.4227,4.5156,4.6031,4.683,4.7541,4.8154,4.8669,4.9084,4.9404,4.9632,4.9775,4.9838,4.9827,4.9749,4.9609,4.9414,4.9169,4.8879,4.8549,4.8184,4.7787,4.7363,4.6916
2005-02-28,3.254,3.5845,3.7567,3.8734,3.9757,4.077,4.1797,4.2817,4.3804,4.4732,4.5583,4.6343,4.7007,4.7573,4.804,4.8413,4.8695,4.8891,4.9008,4.9051,4.9025,4.8938,4.8794,4.8599,4.8358,4.8076,4.7757,4.7404,4.7023,4.6617
2005-01-31,2.9727,3.2573,3.4251,3.5557,3.6788,3.8022,3.9259,4.0473,4.1633,4.2716,4.3706,4.4594,4.5375,4.6049,4.6617,4.7085,4.7456,4.7737,4.7935,4.8054,4.8102,4.8085,4.8008,4.7876,4.7696,4.7471,4.7207,4.6907,4.6576,4.6217
2004-12-31,2.7691,3.0653,3.2722,3.4518,3.6247,3.795,3.9611,4.1202,4.2694,4.407,4.5318,4.6432,4.7412,4.8261,4.8984,4.9587,5.0078,5.0465,5.0754,5.0953,5.107,5.1112,5.1086,5.0997,5.0853,5.0657,5.0416,5.0134,4.9815,4.9464
2004-11-30,2.6631,3.0298,3.2907,3.5099,3.7119,3.9041,4.0873,4.2599,4.4204,4.5674,4.7001,4.8183,4.9221,5.012,5.0884,5.1523,5.2043,5.2452,5.2759,5.2973,5.3099,5.3147,5.3123,5.3034,5.2886,5.2685,5.2435,5.2144,5.1814,5.145
2004-10-31,2.2518,2.5453,2.8177,3.0735,3.3138,3.5386,3.7475,3.94,4.1161,4.2757,4.4191,4.5468,4.6595,4.7579,4.8427,4.9149,4.9751,5.0244,5.0634,5.0931,5.1141,5.1271,5.1329,5.132,5.1252,5.1129,5.0956,5.0739,5.0482,5.0189
2004-09-30,2.2276,2.6039,2.903,3.164,3.4031,3.6262,3.8346,4.0279,4.2058,4.3677,4.5138,4.644,4.759,4.8594,4.9459,5.0193,5.0804,5.1302,5.1695,5.1991,5.2198,5.2323,5.2374,5.2356,5.2277,5.2143,5.1958,5.1727,5.1456,5.1148
2004-08-31,1.9759,2.3932,2.7498,3.0635,3.3444,3.5983,3.8287,4.0377,4.2267,4.3968,4.549,4.6842,4.8034,4.9074,4.9973,5.0739,5.1382,5.191,5.2333,5.2657,5.2891,5.3043,5.3119,5.3127,5.3071,5.2959,5.2795,5.2584,5.2332,5.2041
2004-07-31,2.0969,2.6838,3.1074,3.4496,3.7418,3.9971,4.2223,4.4217,4.5982,4.7544,4.8922,5.0134,5.1195,5.2119,5.2918,5.3603,5.4184,5.4671,5.5071,5.5394,5.5645,5.5832,5.596,5.6035,5.6062,5.6045,5.5989,5.5898,5.5776,5.5625
2004-06-30,2.0742,2.7075,3.1654,3.5307,3.8393,4.1064,4.3401,4.5452,4.7254,4.8834,5.0217,5.1421,5.2465,5.3362,5.4128,5.4775,5.5313,5.5753,5.6104,5.6375,5.6574,5.6707,5.6782,5.6803,5.6777,5.6707,5.66,5.6459,5.6287,5.6088
2004-05-31,1.8555,2.5613,3.0873,3.5014,3.8433,4.1334,4.3833,4.5999,4.7882,4.9517,5.0935,5.2158,5.3208,5.4102,5.4856,5.5484,5.5998,5.6411,5.6732,5.697,5.7134,5.7232,5.727,5.7255,5.7193,5.7088,5.6946,5.677,5.6565,5.6335
2004-04-30,1.6193,2.3449,2.8898,3.315,3.6658,3.9649,4.2239,4.4499,4.6477,4.8209,4.9722,5.1039,5.2182,5.3166,5.4008,5.472,5.5316,5.5807,5.6202,5.6511,5.6741,5.6902,5.6999,5.7039,5.7027,5.6969,5.6871,5.6735,5.6566,5.6369
2004-03-31,1.161,1.576,2.0283,2.4448,2.8163,3.1463,3.4394,3.6997,3.9306,4.135,4.3153,4.4738,4.6124,4.7329,4.8369,4.9258,5.001,5.0636,5.1149,5.1558,5.1874,5.2103,5.2256,5.2338,5.2357,5.2318,5.2228,5.2092,5.1914,5.1699
2004-02-29,1.1586,1.6451,2.1693,2.6262,3.0125,3.3413,3.6245,3.8707,4.0859,4.2745,4.4399,4.5849,4.7115,4.8217,4.9171,4.9992,5.0692,5.1282,5.1773,5.2173,5.2492,5.2737,5.2915,5.3032,5.3094,5.3106,5.3074,5.3001,5.2892,5.2751
2004-01-31,1.2652,1.8317,2.361,2.8078,3.186,3.5109,3.7929,4.0394,4.2553,4.4445,4.61,4.7542,4.8794,4.9875,5.08,5.1584,5.2242,5.2784,5.3222,5.3567,5.3825,5.4007,5.412,5.417,5.4164,5.4107,5.4005,5.3863,5.3684,5.3474
2003-12-31,1.2427,1.825,2.3796,2.8496,3.2465,3.5862,3.88,4.1359,4.3593,4.5544,4.7245,4.8724,5.0002,5.1101,5.2038,5.2829,5.3488,5.4028,5.446,5.4795,5.5042,5.5211,5.5308,5.5341,5.5316,5.5241,5.5119,5.4957,5.4758,5.4526
2003-11-30,1.4354,2.0537,2.5786,3.0151,3.3866,3.7084,3.9898,4.2368,4.4538,4.6442,4.8108,4.956,5.0818,5.1902,5.2827,5.3609,5.426,5.4794,5.5222,5.5553,5.5796,5.5961,5.6056,5.6086,5.6059,5.5981,5.5856,5.569,5.5488,5.5254
2003-10-31,1.275,1.8494,2.4032,2.879,3.2854,3.6356,3.9397,4.205,4.4366,4.6386,4.8142,4.9663,5.0973,5.2091,5.3039,5.3831,5.4484,5.501,5.5423,5.5733,5.5952,5.6087,5.6148,5.6142,5.6077,5.5958,5.5792,5.5584,5.5339,5.5061
2003-09-30,1.08,1.4792,1.9762,2.4441,2.859,3.2225,3.5408,3.82,4.065,4.2798,4.4678,4.6316,4.7738,4.8965,5.0014,5.0904,5.1649,5.2262,5.2757,5.3145,5.3435,5.3637,5.3761,5.3813,5.3801,5.3731,5.361,5.3443,5.3234,5.2989
2003-08-31,1.3016,1.9445,2.5518,3.0585,3.479,3.8329,4.1345,4.3937,4.6171,4.8099,4.976,5.1185,5.2401,5.343,5.4293,5.5007,5.5588,5.6049,5.6402,5.666,5.6832,5.6928,5.6955,5.6921,5.6832,5.6696,5.6517,5.6301,5.6052,5.5774
2003-07-31,1.2617,1.8192,2.3984,2.9184,3.3703,3.7612,4.0998,4.3935,4.6482,4.8687,5.059,5.2223,5.3615,5.4791,5.5774,5.6583,5.7236,5.7749,5.8137,5.8412,5.8586,5.867,5.8674,5.8606,5.8475,5.8287,5.805,5.7769,5.745,5.7098
2003-06-30,1.0331,1.3274,1.7167,2.1134,2.4851,2.8219,3.1229,3.3906,3.628,3.8383,4.0243,4.1886,4.3332,4.4601,4.571,4.6673,4.7503,4.8213,4.8812,4.9312,4.9721,5.0046,5.0296,5.0478,5.0597,5.0659,5.0669,5.0633,5.0555,5.0439
2003-05-31,1.1338,1.3252,1.6363,1.9831,2.3267,2.6502,2.9469,3.2153,3.4559,3.6702,3.8602,4.0277,4.1746,4.3026,4.4134,4.5085,4.5892,4.6569,4.7126,4.7575,4.7924,4.8184,4.8363,4.8467,4.8505,4.8482,4.8405,4.8279,4.8108,4.7898
2003-04-30,1.1634,1.5326,2.0186,2.4799,2.8853,3.2352,3.5369,3.7982,4.0253,4.2231,4.3955,4.5457,4.6761,4.7889,4.886,4.9689,5.0391,5.0978,5.1461,5.1851,5.2156,5.2384,5.2544,5.2641,5.2683,5.2674,5.262,5.2526,5.2395,5.2232
2003-03-31,1.1654,1.5392,2.0058,2.446,2.8389,3.1862,3.4929,3.7642,4.004,4.2158,4.4023,4.566,4.709,4.8332,4.9403,5.0319,5.1094,5.174,5.2269,5.2692,5.3019,5.3258,5.3417,5.3505,5.3528,5.3493,5.3405,5.327,5.3093,5.2877
2003-02-28,1.2199,1.5273,1.9454,2.3573,2.7337,3.0705,3.3699,3.6355,3.8707,4.0785,4.2616,4.4222,4.5624,4.6841,4.7888,4.8782,4.9537,5.0164,5.0675,5.1082,5.1392,5.1617,5.1763,5.1838,5.185,5.1803,5.1705,5.1561,5.1374,5.1151
2003-01-31,1.2788,1.7249,2.224,2.6716,3.0605,3.3988,3.6944,3.9531,4.1798,4.3781,4.551,4.7011,4.8307,4.9418,5.0361,5.1153,5.1808,5.2339,5.2758,5.3077,5.3305,5.345,5.3523,5.3529,5.3476,5.3369,5.3216,5.3021,5.2788,5.2523
2002-12-31,1.2389,1.5945,2.035,2.4584,2.8458,3.195,3.5075,3.7855,4.0317,4.2487,4.4388,4.6043,4.7475,4.8701,4.9742,5.0613,5.133,5.1907,5.2358,5.2694,5.2927,5.3066,5.3122,5.3102,5.3014,5.2866,5.2663,5.2413,5.212,5.1789
2002-11-30,1.53,2.0892,2.5797,3.0049,3.3777,3.7061,3.9955,4.2502,4.4735,4.6685,4.838,4.9843,5.1096,5.216,5.3052,5.3789,5.4386,5.4857,5.5213,5.5467,5.5629,5.5708,5.5713,5.5651,5.5531,5.5359,5.514,5.488,5.4584,5.4257
2002-10-31,1.3795,1.6908,2.1106,2.5311,2.9252,3.2857,3.6116,3.9038,4.1642,4.395,4.5982,4.776,4.9305,5.0637,5.1774,5.2732,5.3527,5.4175,5.4688,5.5078,5.5358,5.5538,5.5627,5.5635,5.557,5.5438,5.5248,5.5005,5.4715,5.4383
2002-09-30,1.4887,1.7048,2.0457,2.4089,2.7597,3.0861,3.3843,3.6537,3.8951,4.1101,4.3002,4.4672,4.6129,4.739,4.8471,4.9386,5.0151,5.0777,5.1278,5.1664,5.1946,5.2134,5.2237,5.2263,5.2219,5.2112,5.1949,5.1736,5.1478,5.118
2002-08-31,1.7241,2.1109,2.5421,2.9406,3.2983,3.6169,3.8994,4.1486,4.3675,4.5588,4.725,4.8683,4.9909,5.0947,5.1814,5.2528,5.3102,5.355,5.3886,5.4119,5.4261,5.4321,5.4308,5.4229,5.4093,5.3904,5.367,5.3395,5.3085,5.2744
2002-07-31,1.7066,2.2241,2.7731,3.2384,3.63,3.9645,4.2534,4.5044,4.7229,4.9128,5.0776,5.2198,5.3419,5.4459,5.5336,5.6067,5.6666,5.7146,5.7519,5.7796,5.7987,5.81,5.8144,5.8125,5.8051,5.7928,5.7761,5.7555,5.7315,5.7044
2002-06-30,2.058,2.8456,3.4232,3.8502,4.1888,4.4694,4.7076,4.9123,5.0892,5.2423,5.3747,5.4889,5.587,5.6706,5.7414,5.8006,5.8494,5.8889,5.9201,5.9437,5.9606,5.9714,5.9768,5.9774,5.9736,5.966,5.9549,5.9408,5.9241,5.9049
2002-05-31,2.3312,3.1684,3.7146,4.1143,4.4334,4.6988,4.9238,5.1161,5.2809,5.4222,5.5428,5.6452,5.7315,5.8035,5.8628,5.9108,5.9486,5.9775,5.9982,6.0119,6.0192,6.0208,6.0175,6.0097,5.998,5.983,5.9649,5.9442,5.9213,5.8965
2002-04-30,2.298,3.234,3.8567,4.2803,4.5956,4.8445,5.0475,5.2159,5.3568,5.475,5.574,5.6567,5.7253,5.7815,5.827,5.863,5.8907,5.9111,5.9251,5.9334,5.9368,5.9359,5.9311,5.9231,5.9121,5.8987,5.8831,5.8657,5.8467,5.8264
2002-03-31,2.7535,3.69,4.2862,4.6948,4.9986,5.2368,5.4291,5.5869,5.7171,5.8248,5.9135,5.986,6.0447,6.0914,6.1278,6.1551,6.1746,6.1873,6.1941,6.1957,6.1929,6.1863,6.1763,6.1635,6.1482,6.1309,6.1119,6.0915,6.0698,6.0472
2002-02-28,2.19,3.0313,3.6158,4.0377,4.3668,4.6349,4.858,5.0456,5.2038,5.3371,5.4488,5.5419,5.6186,5.681,5.7307,5.7693,5.798,5.8181,5.8306,5.8363,5.8362,5.8309,5.8211,5.8074,5.7903,5.7703,5.7478,5.7231,5.6966,5.6686
2002-01-31,2.2689,3.1381,3.7572,4.1942,4.5244,4.7862,4.9995,5.1755,5.3217,5.4431,5.5436,5.6261,5.6931,5.7467,5.7885,5.8202,5.843,5.858,5.8662,5.8685,5.8656,5.8584,5.8473,5.8328,5.8156,5.7959,5.7742,5.7508,5.726,5.7
2001-12-31,2.0841,3.0627,3.7433,4.2103,4.5575,4.8304,5.0517,5.2339,5.385,5.5106,5.6147,5.7004,5.7703,5.8266,5.871,5.905,5.93,5.947,5.9572,5.9613,5.9603,5.9546,5.9451,5.9322,5.9163,5.898,5.8775,5.8553,5.8316,5.8066
2001-11-30,2.079,2.8536,3.4417,3.8789,4.2231,4.5048,4.74,4.9382,5.1057,5.2472,5.3661,5.4654,5.5475,5.6145,5.6681,5.71,5.7414,5.7637,5.7778,5.7848,5.7856,5.7808,5.7713,5.7575,5.7401,5.7195,5.6962,5.6706,5.643,5.6138
2001-10-31,2.0202,2.4903,2.9663,3.3589,3.6829,3.9554,4.1874,4.3861,4.5566,4.7026,4.8272,4.9329,5.0218,5.0958,5.1565,5.2053,5.2436,5.2725,5.2929,5.3059,5.3123,5.3127,5.308,5.2987,5.2853,5.2684,5.2484,5.2257,5.2007,5.1737
2001-09-30,2.4861,2.9036,3.3337,3.7026,4.0155,4.2839,4.5161,4.7179,4.8933,5.0456,5.1775,5.2911,5.3883,5.4708,5.5401,5.5975,5.6442,5.6813,5.7097,5.7304,5.7441,5.7516,5.7534,5.7503,5.7427,5.7312,5.7162,5.6981,5.6773,5.6541
2001-08-31,3.3227,3.6758,3.9989,4.2599,4.4777,4.6636,4.824,4.9629,5.0832,5.1872,5.2767,5.3532,5.4182,5.4728,5.5181,5.5551,5.5846,5.6074,5.6242,5.6356,5.6422,5.6446,5.6431,5.6383,5.6305,5.62,5.6072,5.5924,5.5757,5.5576
2001-07-31,3.4896,3.8251,4.1442,4.4044,4.621,4.8054,4.9642,5.1014,5.2202,5.3227,5.4109,5.4863,5.5503,5.6041,5.6487,5.6851,5.7142,5.7367,5.7532,5.7645,5.7711,5.7735,5.7722,5.7675,5.7599,5.7497,5.7372,5.7227,5.7065,5.6888
2001-06-30,3.8849,4.295,4.601,4.8446,5.0478,5.2202,5.3675,5.4932,5.6003,5.691,5.7672,5.8306,5.8827,5.9246,5.9576,5.9827,6.0007,6.0125,6.0189,6.0204,6.0177,6.0113,6.0016,5.9892,5.9743,5.9573,5.9385,5.9181,5.8965,5.8739
2001-05-31,3.8272,4.2676,4.5827,4.8287,5.033,5.2067,5.3559,5.4842,5.5946,5.6892,5.7699,5.8381,5.8952,5.9425,5.9809,6.0115,6.035,6.0523,6.0641,6.0709,6.0733,6.0718,6.0669,6.0589,6.0483,6.0354,6.0205,6.0038,5.9857,5.9662
2001-04-30,4.0686,4.3358,4.5805,4.7926,4.9783,5.1417,5.2856,5.412,5.5227,5.6192,5.703,5.7752,5.8369,5.8892,5.9328,5.9688,5.9978,6.0205,6.0375,6.0495,6.0569,6.0601,6.0598,6.0561,6.0496,6.0405,6.0291,6.0157,6.0005,5.9838
2001-03-31,4.1704,4.2154,4.3534,4.5104,4.665,4.81,4.9431,5.0639,5.1724,5.2693,5.3553,5.431,5.4973,5.5548,5.6043,5.6464,5.6817,5.7108,5.7343,5.7526,5.7662,5.7756,5.7811,5.783,5.7819,5.7778,5.7713,5.7624,5.7514,5.7386
2001-02-28,4.5423,4.4646,4.5256,4.6278,4.7398,4.8499,4.9537,5.0494,5.1364,5.2147,5.2846,5.3466,5.4011,5.4485,5.4895,5.5245,5.5539,5.5783,5.5981,5.6136,5.6252,5.6332,5.6381,5.64,5.6393,5.6362,5.6309,5.6237,5.6148,5.6043
2001-01-31,4.7343,4.6696,4.73,4.8278,4.9338,5.0375,5.1348,5.224,5.3046,5.3767,5.4407,5.497,5.546,5.5884,5.6245,5.655,5.6802,5.7007,5.7168,5.7289,5.7374,5.7426,5.7449,5.7445,5.7416,5.7366,5.7297,5.721,5.7108,5.6992
2000-12-31,5.4462,5.1458,5.0326,5.0145,5.0442,5.0966,5.1585,5.2225,5.2846,5.3428,5.3957,5.443,5.4845,5.5203,5.5506,5.5757,5.5959,5.6115,5.6229,5.6305,5.6345,5.6353,5.6331,5.6283,5.6211,5.6117,5.6004,5.5874,5.5728,5.5569
2000-11-30,5.9433,5.6234,5.4705,5.4121,5.4064,5.4293,5.4662,5.509,5.5525,5.5939,5.6316,5.6648,5.693,5.7162,5.7345,5.7481,5.7573,5.7625,5.7639,5.7618,5.7566,5.7487,5.7382,5.7254,5.7106,5.6941,5.676,5.6566,5.636,5.6145
2000-10-31,6.2142,5.9078,5.7752,5.7396,5.7465,5.7707,5.8007,5.8312,5.8596,5.8846,5.9059,5.9232,5.9367,5.9466,5.9531,5.9565,5.9571,5.9552,5.9511,5.945,5.9371,5.9278,5.9171,5.9053,5.8926,5.8791,5.8648,5.8501,5.8348,5.8193
2000-09-30,6.1877,5.941,5.8134,5.7768,5.7895,5.825,5.8687,5.913,5.9541,5.99,6.0202,6.0443,6.0626,6.0754,6.083,6.086,6.0848,6.0798,6.0715,6.0602,6.0464,6.0304,6.0124,5.9928,5.9719,5.9498,5.9268,5.9031,5.8787,5.8539
2000-08-31,6.273,6.114,5.9971,5.9322,5.9017,5.8902,5.8881,5.89,5.8927,5.8947,5.8953,5.894,5.8908,5.8857,5.8788,5.8704,5.8606,5.8496,5.8376,5.8248,5.8112,5.7971,5.7826,5.7678,5.7528,5.7376,5.7224,5.7072,5.6921,5.6771
2000-07-31,6.3775,6.2787,6.1882,6.1372,6.113,6.1028,6.0986,6.0961,6.0932,6.089,6.0829,6.075,6.0654,6.0543,6.0419,6.0283,6.014,5.9989,5.9834,5.9675,5.9515,5.9354,5.9193,5.9033,5.8876,5.872,5.8567,5.8418,5.8272,5.813
2000-06-30,6.4065,6.343,6.2356,6.175,6.1511,6.147,6.1519,6.1598,6.1676,6.1737,6.1774,6.1784,6.1767,6.1725,6.166,6.1574,6.147,6.135,6.1217,6.1073,6.092,6.076,6.0594,6.0424,6.0251,6.0076,5.99,5.9723,5.9548,5.9374
2000-05-31,6.675,6.6502,6.5505,6.4958,6.4675,6.4498,6.4356,6.4216,6.4067,6.3907,6.3736,6.3557,6.3371,6.3181,6.2991,6.2801,6.2614,6.2431,6.2252,6.2079,6.1911,6.175,6.1595,6.1447,6.1305,6.1169,6.104,6.0916,6.0799,6.0687
2000-04-30,6.4864,6.5841,6.5383,6.481,6.4363,6.4033,6.3775,6.3553,6.3347,6.3144,6.2939,6.2731,6.2519,6.2305,6.209,6.1875,6.1661,6.1451,6.1244,6.1042,6.0846,6.0655,6.047,6.0292,6.012,5.9954,5.9795,5.9642,5.9496,5.9356
2000-03-31,6.343,6.4095,6.3517,6.2842,6.235,6.205,6.1885,6.18,6.175,6.1707,6.1655,6.1584,6.1488,6.1368,6.1222,6.1052,6.0862,6.0652,6.0426,6.0187,5.9936,5.9675,5.9408,5.9136,5.8859,5.8581,5.8302,5.8023,5.7745,5.747
2000-02-29,6.2781,6.4544,6.5063,6.5328,6.5507,6.5611,6.5635,6.5582,6.5459,6.528,6.5056,6.4798,6.4516,6.4218,6.3911,6.3599,6.3288,6.2981,6.2679,6.2385,6.2101,6.1826,6.1562,6.1308,6.1066,6.0834,6.0613,6.0402,6.0201,6.0009
2000-01-31,6.2935,6.5458,6.6041,6.6172,6.6264,6.6391,6.6539,6.6681,6.6793,6.6866,6.6892,6.6872,6.6808,6.6703,6.6561,6.6388,6.6187,6.5964,6.5722,6.5464,6.5194,6.4916,6.463,6.434,6.4048,6.3755,6.3462,6.3171,6.2883,6.2599
1999-12-31,6.0173,6.1832,6.2263,6.2803,6.3535,6.4346,6.5141,6.5865,6.6491,6.7009,6.7419,6.7727,6.794,6.8067,6.8117,6.8098,6.8019,6.7887,6.771,6.7494,6.7245,6.6968,6.6668,6.6349,6.6014,6.5667,6.5311,6.4948,6.4581,6.4211
1999-11-30,5.7817,5.9437,5.9925,6.0285,6.0796,6.147,6.2245,6.3049,6.3824,6.453,6.5143,6.5649,6.6043,6.6327,6.6503,6.6579,6.6561,6.6458,6.6277,6.6027,6.5715,6.5348,6.4934,6.4477,6.3985,6.3462,6.2913,6.2343,6.1756,6.1154
1999-10-31,5.5557,5.762,5.8396,5.8949,5.9579,6.0318,6.1115,6.1915,6.2672,6.3354,6.3945,6.4435,6.4823,6.511,6.5302,6.5404,6.5423,6.5368,6.5244,6.506,6.4821,6.4535,6.4207,6.3842,6.3446,6.3023,6.2578,6.2113,6.1633,6.1141
1999-09-30,5.3833,5.5911,5.687,5.7613,5.8407,5.9283,6.0199,6.1103,6.1952,6.2716,6.3379,6.3932,6.4373,6.4705,6.4932,6.5061,6.5099,6.5056,6.4937,6.4752,6.4506,6.4208,6.3864,6.3479,6.3058,6.2608,6.2132,6.1635,6.112,6.0591
1999-08-31,5.4874,5.7037,5.7992,5.871,5.9455,6.0253,6.1064,6.1845,6.2563,6.3196,6.3734,6.4173,6.4515,6.4764,6.4926,6.5007,6.5016,6.4958,6.4842,6.4673,6.4458,6.4203,6.3912,6.3591,6.3244,6.2875,6.2488,6.2086,6.1672,6.1248
1999-07-31,5.3071,5.5817,5.7232,5.8115,5.8824,5.9496,6.0171,6.0842,6.1491,6.2097,6.2641,6.3113,6.3503,6.3808,6.4028,6.4164,6.422,6.4201,6.411,6.3955,6.3739,6.347,6.3151,6.2789,6.2389,6.1954,6.1489,6.0999,6.0486,5.9954
1999-06-30,5.2409,5.4798,5.5796,5.646,5.7133,5.7882,5.8683,5.9489,6.0259,6.0964,6.1583,6.2108,6.2533,6.286,6.3093,6.3235,6.3294,6.3276,6.3189,6.3038,6.283,6.2572,6.2269,6.1927,6.155,6.1144,6.0713,6.026,5.9788,5.9303
1999-05-31,5.1204,5.3946,5.5286,5.6024,5.6551,5.7043,5.7559,5.8108,5.8676,5.9241,5.9781,6.0278,6.0718,6.1092,6.1395,6.1622,6.1774,6.1852,6.1859,6.1797,6.1671,6.1485,6.1244,6.0951,6.0612,6.023,5.9811,5.9357,5.8872,5.8361
1999-04-30,4.8948,5.0584,5.135,5.1885,5.2444,5.3102,5.3855,5.4668,5.55,5.6317,5.709,5.7799,5.8428,5.8971,5.9423,5.9783,6.0053,6.0237,6.0337,6.036,6.0309,6.0191,6.0012,5.9775,5.9487,5.9151,5.8774,5.8359,5.7911,5.7433
1999-03-31,4.842,4.9903,5.0726,5.137,5.203,5.2765,5.3569,5.4414,5.5266,5.6093,5.6872,5.7583,5.8216,5.8761,5.9217,5.9582,5.9858,6.0048,6.0156,6.0187,6.0145,6.0037,5.9867,5.964,5.9362,5.9037,5.867,5.8265,5.7826,5.7358
1999-02-28,4.9889,5.1211,5.1808,5.2203,5.2616,5.3119,5.3712,5.4368,5.5053,5.5735,5.6387,5.6989,5.7527,5.7991,5.8378,5.8684,5.891,5.9058,5.9131,5.9132,5.9067,5.894,5.8755,5.8517,5.8232,5.7902,5.7532,5.7128,5.6691,5.6226
1999-01-31,4.6315,4.6061,4.577,4.5738,4.6013,4.6546,4.726,4.8082,4.895,4.9817,5.0649,5.1423,5.2123,5.2741,5.3273,5.3718,5.4076,5.4352,5.4548,5.4669,5.472,5.4705,5.463,5.45,5.4319,5.4091,5.3822,5.3514,5.3172,5.28
1998-12-31,4.6041,4.5829,4.59,4.619,4.6643,4.7215,4.7867,4.8567,4.929,5.0014,5.0723,5.1402,5.2041,5.2633,5.317,5.365,5.4069,5.4426,5.4721,5.4954,5.5126,5.5239,5.5296,5.5298,5.5249,5.515,5.5006,5.4818,5.4591,5.4327
1998-11-30,4.6239,4.5877,4.5813,4.5982,4.6328,4.6806,4.7377,4.8008,4.8674,4.9351,5.0023,5.0675,5.1295,5.1876,5.241,5.2893,5.3321,5.3693,5.4007,5.4264,5.4464,5.4608,5.4698,5.4736,5.4725,5.4666,5.4562,5.4416,5.4231,5.4009
1998-10-31,4.3968,4.3038,4.2806,4.3088,4.3734,4.4627,4.5673,4.6801,4.7955,4.9091,5.0178,5.1194,5.2122,5.2953,5.3679,5.4299,5.4813,5.5222,5.5531,5.5743,5.5864,5.5901,5.5858,5.5742,5.5559,5.5315,5.5016,5.4668,5.4275,5.3843
1998-09-30,4.5112,4.3723,4.3033,4.2868,4.3092,4.3595,4.429,4.5108,4.5995,4.691,4.7821,4.8703,4.9539,5.0317,5.1027,5.1665,5.2226,5.2711,5.3119,5.3453,5.3714,5.3905,5.403,5.4094,5.4098,5.4048,5.3948,5.3801,5.361,5.338
1998-08-31,5.0553,4.99,4.9587,4.9537,4.9683,4.9972,5.0359,5.0809,5.1294,5.1789,5.2279,5.2749,5.3189,5.3591,5.3951,5.4265,5.453,5.4747,5.4914,5.5033,5.5105,5.5131,5.5113,5.5054,5.4956,5.4821,5.4651,5.4448,5.4216,5.3956
1998-07-31,5.3941,5.4636,5.4798,5.4794,5.4794,5.4864,5.5019,5.5248,5.5532,5.585,5.6183,5.6514,5.6832,5.7127,5.7393,5.7624,5.7818,5.7974,5.8091,5.817,5.8213,5.822,5.8193,5.8134,5.8045,5.7929,5.7786,5.762,5.7432,5.7224
1998-06-30,5.4245,5.4734,5.4652,5.4534,5.4514,5.4596,5.4753,5.4955,5.5181,5.5413,5.5641,5.5859,5.6061,5.6246,5.6412,5.6559,5.6687,5.6797,5.6888,5.6963,5.7021,5.7064,5.7093,5.7109,5.7113,5.7105,5.7087,5.7059,5.7023,5.6978
1998-05-31,5.4841,5.504,5.5039,5.5187,5.543,5.5716,5.6016,5.6316,5.6609,5.6889,5.7156,5.7407,5.7643,5.7863,5.8067,5.8257,5.8432,5.8594,5.8742,5.8877,5.9,5.9112,5.9213,5.9303,5.9384,5.9456,5.9518,5.9573,5.962,5.9659
1998-04-30,5.4668,5.5519,5.5708,5.5841,5.6071,5.6402,5.6802,5.7233,5.7671,5.8094,5.8492,5.8856,5.9183,5.9472,5.9722,5.9934,6.0111,6.0252,6.0362,6.0441,6.0492,6.0518,6.0519,6.0499,6.0459,6.0401,6.0326,6.0237,6.0134,6.0019
1998-03-31,5.4952,5.5578,5.586,5.6013,5.6155,5.6338,5.658,5.688,5.7227,5.7604,5.7997,5.839,5.8769,5.9126,5.945,5.9737,5.9981,6.018,6.0332,6.0437,6.0495,6.0506,6.0472,6.0396,6.0278,6.0121,5.9928,5.9701,5.9441,5.9152
1998-02-28,5.4788,5.5037,5.5201,5.5364,5.5567,5.5825,5.6136,5.6493,5.6882,5.7291,5.7705,5.8113,5.8505,5.8871,5.9206,5.9504,5.9761,5.9976,6.0146,6.0271,6.0352,6.0389,6.0383,6.0336,6.0249,6.0125,5.9965,5.9771,5.9546,5.9291
1998-01-31,5.3261,5.3021,5.3049,5.3271,5.3631,5.4083,5.4592,5.513,5.5675,5.621,5.6723,5.7203,5.7646,5.8045,5.8398,5.8703,5.8961,5.917,5.9332,5.9448,5.9519,5.9549,5.9538,5.9489,5.9405,5.9286,5.9137,5.8958,5.8753,5.8522
1997-12-31,5.5654,5.6158,5.6393,5.6521,5.6634,5.6776,5.6966,5.7205,5.7486,5.7797,5.8127,5.8463,5.8793,5.9109,5.9402,5.9665,5.9896,6.0089,6.0243,6.0357,6.0429,6.0461,6.0453,6.0405,6.032,6.0199,6.0044,5.9856,5.9637,5.939
1997-11-30,5.6515,5.734,5.7651,5.7753,5.7809,5.7898,5.8051,5.8271,5.8549,5.8869,5.9213,5.9566,5.9914,6.0244,6.0547,6.0816,6.1046,6.1233,6.1376,6.1474,6.1526,6.1534,6.1499,6.1421,6.1304,6.1149,6.0958,6.0734,6.0478,6.0194
1997-10-31,5.5052,5.597,5.65,5.6877,5.7221,5.7587,5.7992,5.8434,5.8902,5.9383,5.9862,6.0326,6.0764,6.1168,6.1533,6.1853,6.2126,6.2351,6.2528,6.2656,6.2737,6.2773,6.2766,6.2718,6.2631,6.2507,6.2349,6.216,6.1942,6.1696
1997-09-30,5.615,5.7499,5.8364,5.908,5.9714,6.0288,6.0815,6.13,6.1749,6.2164,6.2547,6.2902,6.323,6.3533,6.3812,6.4069,6.4305,6.4522,6.472,6.4901,6.5065,6.5214,6.5349,6.547,6.5578,6.5674,6.5759,6.5833,6.5898,6.5953
1997-08-31,5.7054,5.916,6.0322,6.1061,6.1634,6.2159,6.2683,6.3214,6.3747,6.427,6.4771,6.5239,6.5666,6.6046,6.6377,6.6655,6.6881,6.7056,6.7181,6.7257,6.7289,6.7277,6.7226,6.7137,6.7014,6.6859,6.6676,6.6466,6.6232,6.5977
1997-07-31,5.5432,5.6547,5.7304,5.7879,5.8374,5.8844,5.9314,5.9794,6.0282,6.0772,6.1254,6.1721,6.2162,6.2572,6.2944,6.3274,6.3558,6.3794,6.3981,6.4119,6.4208,6.425,6.4245,6.4195,6.4102,6.3969,6.3797,6.3589,6.3347,6.3074
1997-06-30,5.7408,6.0239,6.1769,6.2651,6.3243,6.3733,6.4207,6.4697,6.5209,6.5733,6.6257,6.6765,6.7244,6.7684,6.8077,6.8417,6.87,6.8924,6.9089,6.9195,6.9244,6.9238,6.9179,6.9071,6.8915,6.8715,6.8474,6.8195,6.7882,6.7536
1997-05-31,5.8018,6.1302,6.2893,6.3759,6.4357,6.4884,6.5414,6.5964,6.6524,6.7081,6.762,6.8127,6.8592,6.901,6.9377,6.969,6.9949,7.0156,7.0312,7.0419,7.0479,7.0497,7.0473,7.0412,7.0316,7.0188,7.0031,6.9847,6.9639,6.9409
1997-04-30,5.8948,6.1951,6.3526,6.4428,6.5045,6.5565,6.6071,6.6587,6.7115,6.7644,6.8162,6.8655,6.9113,6.9529,6.9895,7.021,7.0472,7.068,7.0835,7.0939,7.0994,7.1002,7.0965,7.0888,7.0771,7.0619,7.0435,7.022,6.9977,6.9709
1997-03-31,6.0216,6.3624,6.5405,6.6405,6.7061,6.7588,6.8081,6.8576,6.9076,6.9575,7.006,7.052,7.0944,7.1326,7.166,7.1943,7.2174,7.2352,7.2479,7.2556,7.2585,7.2568,7.2509,7.241,7.2274,7.2104,7.1902,7.1672,7.1415,7.1135
1997-02-28,5.7046,5.9967,6.1639,6.2646,6.3327,6.3868,6.4369,6.4873,6.5395,6.5932,6.6475,6.7013,6.7532,6.8022,6.8475,6.8882,6.9239,6.9542,6.979,6.9981,7.0116,7.0195,7.0221,7.0195,7.0119,6.9996,6.9829,6.9619,6.9371,6.9086
1997-01-31,5.592,5.8552,6.0217,6.1339,6.2173,6.2864,6.3494,6.4103,6.4705,6.5303,6.5893,6.6465,6.7013,6.7526,6.8,6.8427,6.8804,6.9129,6.9398,6.9613,6.9773,6.9878,6.9931,6.9933,6.9886,6.9793,6.9656,6.9477,6.9259,6.9005
1996-12-31,5.5792,5.8259,5.981,6.0843,6.1599,6.2217,6.2776,6.3313,6.3844,6.4372,6.4891,6.5396,6.5876,6.6326,6.6738,6.7106,6.7427,6.7699,6.7918,6.8086,6.8201,6.8266,6.828,6.8247,6.8167,6.8043,6.7878,6.7673,6.7432,6.7156
1996-11-30,5.3831,5.5348,5.6359,5.712,5.7776,5.8403,5.9034,5.968,6.0337,6.0996,6.1647,6.2276,6.2875,6.3434,6.3947,6.4408,6.4814,6.5163,6.5455,6.5688,6.5864,6.5984,6.6051,6.6066,6.6031,6.595,6.5825,6.5658,6.5453,6.5211
1996-10-31,5.4878,5.6963,5.8472,5.9625,6.0565,6.1377,6.2115,6.2806,6.3463,6.4092,6.4693,6.5263,6.5797,6.6292,6.6744,6.7149,6.7506,6.7813,6.8069,6.8273,6.8427,6.8531,6.8586,6.8594,6.8557,6.8476,6.8354,6.8194,6.7996,6.7765
1996-09-30,5.7204,6.0392,6.208,6.327,6.4228,6.5047,6.5771,6.642,6.7008,6.7543,6.8033,6.8482,6.8893,6.927,6.9615,6.9932,7.022,7.0484,7.0724,7.0942,7.114,7.1318,7.1478,7.1621,7.1748,7.1861,7.196,7.2045,7.2119,7.2181
1996-08-31,5.8386,6.2712,6.4666,6.5748,6.6542,6.7255,6.7944,6.8618,6.9265,6.9876,7.044,7.0953,7.1412,7.1816,7.2166,7.2463,7.271,7.291,7.3066,7.318,7.3256,7.3297,7.3306,7.3285,7.3237,7.3165,7.307,7.2955,7.2822,7.2673
1996-07-31,5.8419,6.152,6.3198,6.4226,6.4978,6.5625,6.6237,6.6836,6.7421,6.7985,6.852,6.9016,6.9469,6.9875,7.023,7.0536,7.0792,7.0999,7.116,7.1276,7.1351,7.1386,7.1385,7.135,7.1284,7.1189,7.1068,7.0922,7.0755,7.0569
1996-06-30,5.7395,6.0765,6.2427,6.3401,6.4135,6.4809,6.5481,6.6157,6.6826,6.7471,6.8079,6.8639,6.9143,6.9588,6.9973,7.0296,7.056,7.0767,7.092,7.1022,7.1075,7.1085,7.1053,7.0983,7.0879,7.0744,7.058,7.039,7.0177,6.9943
1996-05-31,5.7319,6.1585,6.3771,6.4996,6.5812,6.6478,6.7103,6.7722,6.8339,6.8942,6.9519,7.0057,7.0547,7.0981,7.1357,7.1671,7.1923,7.2115,7.2249,7.2327,7.2352,7.2327,7.2256,7.2142,7.1989,7.18,7.1577,7.1325,7.1045,7.0741
1996-04-30,5.6234,5.9734,6.1613,6.2775,6.3654,6.4444,6.5215,6.5985,6.6747,6.7486,6.8187,6.8838,6.9429,6.9954,7.0411,7.0797,7.1114,7.1363,7.1548,7.167,7.1734,7.1744,7.1702,7.1614,7.1483,7.1312,7.1105,7.0865,7.0596,7.0299
1996-03-31,5.4597,5.7343,5.8893,5.9931,6.0785,6.1596,6.2413,6.3243,6.4072,6.4884,6.5661,6.6389,6.7057,6.7659,6.8191,6.865,6.9037,6.9353,6.9601,6.9783,6.9902,6.9963,6.9968,6.9923,6.983,6.9694,6.9517,6.9304,6.9057,6.8779
1996-02-29,5.1805,5.3576,5.5034,5.6308,5.7471,5.8558,5.9587,6.0563,6.1486,6.2352,6.3158,6.3901,6.4579,6.5189,6.5731,6.6206,6.6615,6.696,6.7243,6.7466,6.7633,6.7747,6.781,6.7825,6.7797,6.7727,6.762,6.7478,6.7303,6.7098
1996-01-31,4.9203,4.9275,5.0229,5.1372,5.2515,5.3604,5.4622,5.5566,5.6437,5.7237,5.7971,5.864,5.925,5.9804,6.0305,6.0757,6.1162,6.1524,6.1845,6.2129,6.2378,6.2594,6.278,6.2937,6.3068,6.3174,6.3258,6.3321,6.3364,6.339
1995-12-31,5.138,5.1473,5.2073,5.2789,5.3523,5.4243,5.4939,5.5603,5.6236,5.6835,5.7401,5.7935,5.8438,5.8911,5.9355,5.9771,6.0161,6.0525,6.0864,6.1181,6.1475,6.1748,6.2,6.2234,6.2449,6.2647,6.2828,6.2994,6.3144,6.328
1995-11-30,5.3499,5.3296,5.3715,5.4367,5.5102,5.5853,5.6592,5.7306,5.7986,5.8631,5.9239,5.9809,6.0343,6.0842,6.1307,6.1739,6.2139,6.251,6.2851,6.3166,6.3454,6.3718,6.3958,6.4177,6.4374,6.4552,6.471,6.4851,6.4976,6.5084
1995-10-31,5.5389,5.5916,5.649,5.7098,5.7728,5.8368,5.9009,5.9643,6.0262,6.0861,6.1433,6.1976,6.2485,6.2958,6.3394,6.379,6.4145,6.4461,6.4735,6.4969,6.5163,6.5318,6.5434,6.5513,6.5556,6.5564,6.5539,6.5481,6.5393,6.5276
1995-09-30,5.6759,5.7927,5.8628,5.9137,5.96,6.0085,6.062,6.1205,6.183,6.2477,6.3132,6.3776,6.4398,6.4984,6.5527,6.602,6.6458,6.6839,6.7161,6.7423,6.7627,6.7773,6.7864,6.79,6.7886,6.7823,6.7714,6.7562,6.737,6.7139
1995-08-31,5.6342,5.7742,5.8766,5.9592,6.0325,6.102,6.1705,6.239,6.3074,6.3752,6.4414,6.5053,6.566,6.6228,6.6751,6.7225,6.7646,6.8012,6.8323,6.8578,6.8777,6.8922,6.9014,6.9056,6.9048,6.8993,6.8895,6.8754,6.8575,6.8358
1995-07-31,5.6747,5.8328,5.9579,6.0624,6.1544,6.2386,6.3179,6.3937,6.4668,6.5371,6.6045,6.6686,6.7291,6.7855,6.8375,6.8849,6.9274,6.9649,6.9972,7.0245,7.0466,7.0637,7.076,7.0834,7.0862,7.0846,7.0788,7.0689,7.0552,7.0379
1995-06-30,5.6813,5.7601,5.8221,5.8807,5.9423,6.009,6.0805,6.1557,6.2326,6.3096,6.3849,6.457,6.5248,6.5874,6.6441,6.6944,6.7381,6.7751,6.8053,6.8289,6.8459,6.8568,6.8617,6.8608,6.8546,6.8433,6.8272,6.8068,6.7822,6.7537
1995-05-31,5.7715,5.8129,5.869,5.9358,6.0098,6.0882,6.1686,6.2492,6.3282,6.4044,6.477,6.545,6.6079,6.6653,6.717,6.7627,6.8025,6.8363,6.8642,6.8863,6.9028,6.9139,6.9198,6.9207,6.9168,6.9085,6.896,6.8794,6.8592,6.8354
1995-04-30,6.2464,6.4975,6.6398,6.728,6.7925,6.8493,6.9059,6.9651,7.027,7.0906,7.1543,7.2164,7.2757,7.3307,7.3807,7.4248,7.4627,7.494,7.5186,7.5366,7.5479,7.5529,7.5518,7.5447,7.5321,7.5143,7.4915,7.4642,7.4326,7.3971
1995-03-31,6.4083,6.6998,6.8403,6.9247,6.9906,7.0512,7.1099,7.1664,7.2198,7.2693,7.3146,7.3555,7.3923,7.4252,7.4546,7.481,7.5046,7.5258,7.5449,7.5622,7.5779,7.5922,7.6053,7.6173,7.6284,7.6386,7.6481,7.6569,7.665,7.6727
1995-02-28,6.3772,6.6846,6.8329,6.9209,6.9888,7.0512,7.1117,7.1705,7.2266,7.279,7.3273,7.3712,7.4109,7.4466,7.4786,7.5074,7.5332,7.5565,7.5775,7.5966,7.6139,7.6297,7.6441,7.6574,7.6696,7.6809,7.6913,7.701,7.7101,7.7185
1995-01-31,6.7851,7.1627,7.3169,7.3936,7.4404,7.4745,7.5029,7.5281,7.5515,7.5736,7.5944,7.6141,7.6327,7.6502,7.6667,7.6821,7.6965,7.71,7.7226,7.7343,7.7453,7.7555,7.765,7.7739,7.7823,7.79,7.7973,7.8041,7.8105,7.8166
1994-12-31,7.2524,7.563,7.6626,7.7117,7.7418,7.7628,7.7788,7.7917,7.8024,7.8116,7.8196,7.8266,7.8329,7.8384,7.8434,7.8479,7.852,7.8557,7.859,7.8621,7.8649,7.8675,7.8698,7.872,7.874,7.8759,7.8776,7.8793,7.8808,7.8822
1994-11-30,6.8063,7.3168,7.5118,7.6135,7.6791,7.7272,7.7654,7.7974,7.8252,7.8499,7.8725,7.8933,7.9128,7.9311,7.9486,7.9652,7.9812,7.9967,8.0116,8.026,8.04,8.0536,8.0669,8.0799,8.0925,8.1049,8.117,8.1289,8.1405,8.1518
1994-10-31,6.1229,6.7239,7.0476,7.2555,7.4065,7.5245,7.6211,7.7023,7.7717,7.8317,7.8837,7.9291,7.9686,8.003,8.0329,8.0589,8.0812,8.1003,8.1165,8.13,8.1412,8.1503,8.1575,8.1628,8.1667,8.169,8.1701,8.1701,8.1689,8.1669
1994-09-30,5.9109,6.5119,6.8535,7.0648,7.2124,7.3295,7.4318,7.5259,7.6139,7.6961,7.7719,7.8408,7.902,7.9553,8.0005,8.0375,8.0667,8.0881,8.1023,8.1095,8.1103,8.1051,8.0942,8.0783,8.0576,8.0327,8.0039,7.9717,7.9363,7.898
1994-08-31,5.4956,6.0552,6.371,6.5849,6.7492,6.8843,6.9998,7.1005,7.1895,7.2685,7.3392,7.4024,7.4589,7.5096,7.5548,7.5951,7.631,7.6627,7.6907,7.7152,7.7366,7.755,7.7707,7.7839,7.7948,7.8036,7.8105,7.8155,7.819,7.8209
1994-07-31,5.3881,5.9389,6.257,6.4856,6.6669,6.8171,6.9442,7.0525,7.1452,7.2246,7.2922,7.3496,7.398,7.4383,7.4714,7.4982,7.5193,7.5353,7.5469,7.5544,7.5584,7.5593,7.5573,7.5529,7.5463,7.5378,7.5277,7.516,7.5032,7.4892
1994-06-30,5.4795,6.1078,6.4622,6.7155,6.9153,7.0798,7.2179,7.3346,7.4334,7.517,7.5874,7.6462,7.6949,7.7346,7.7663,7.7911,7.8097,7.8228,7.831,7.835,7.8353,7.8323,7.8264,7.818,7.8074,7.7949,7.7807,7.7652,7.7485,7.7309
1994-05-31,5.3138,5.9619,6.3242,6.5534,6.7214,6.8607,6.9848,7.0987,7.2036,7.2994,7.3857,7.462,7.5284,7.5847,7.6314,7.6687,7.6971,7.7173,7.7298,7.7351,7.7339,7.7268,7.7142,7.6966,7.6747,7.6487,7.6192,7.5866,7.5512,7.5134
1994-04-30,5.0321,5.7234,6.1292,6.404,6.6093,6.772,6.9056,7.0175,7.1123,7.1931,7.2621,7.321,7.371,7.4134,7.449,7.4785,7.5028,7.5222,7.5375,7.549,7.5572,7.5623,7.5648,7.565,7.5631,7.5593,7.5539,7.5471,7.539,7.5298
1994-03-31,4.5522,5.2079,5.6556,5.9969,6.2655,6.4781,6.6469,6.7818,6.8907,6.9796,7.0532,7.1149,7.1673,7.2122,7.2512,7.2854,7.3155,7.3423,7.3663,7.3879,7.4074,7.4251,7.4413,7.4562,7.4698,7.4825,7.4941,7.505,7.5151,7.5245
1994-02-28,4.0995,4.6497,5.0455,5.356,5.6122,5.8285,6.0128,6.1705,6.3056,6.4215,6.5212,6.6074,6.6822,6.7473,6.8045,6.855,6.8997,6.9396,6.9754,7.0077,7.0369,7.0635,7.0877,7.11,7.1305,7.1494,7.1669,7.1832,7.1983,7.2124
1994-01-31,3.5657,4.0662,4.4546,4.7665,5.0243,5.2422,5.4297,5.593,5.7365,5.8634,5.9761,6.0765,6.1664,6.247,6.3194,6.3847,6.4436,6.4971,6.5456,6.5898,6.6302,6.6671,6.7011,6.7324,6.7612,6.7879,6.8127,6.8358,6.8573,6.8773
1993-12-31,3.6834,4.2071,4.6124,4.9385,5.2084,5.4362,5.6311,5.7994,5.9456,6.0732,6.185,6.2832,6.3699,6.4467,6.5148,6.5756,6.63,6.6789,6.723,6.763,6.7993,6.8324,6.8627,6.8905,6.9162,6.9398,6.9618,6.9822,7.0012,7.0189
1993-11-30,3.6706,4.1769,4.5825,4.9141,5.1894,5.421,5.6175,5.7857,5.9306,6.056,6.1653,6.2608,6.3448,6.4189,6.4846,6.5432,6.5956,6.6426,6.685,6.7234,6.7583,6.7901,6.8193,6.8461,6.8707,6.8935,6.9146,6.9342,6.9525,6.9696
1993-10-31,3.537,3.9641,4.3161,4.6115,4.863,5.0798,5.2682,5.4332,5.5786,5.7072,5.8215,5.9233,6.0144,6.096,6.1694,6.2356,6.2955,6.3497,6.3991,6.4441,6.4852,6.5229,6.5575,6.5895,6.619,6.6463,6.6716,6.6952,6.7172,6.7378
1993-09-30,3.4451,3.8874,4.2504,4.5536,4.8108,5.032,5.2247,5.3943,5.5447,5.6792,5.8,5.9091,6.0081,6.0981,6.1801,6.2552,6.3239,6.387,6.4451,6.4986,6.548,6.5937,6.636,6.6753,6.7118,6.7458,6.7775,6.8071,6.8349,6.8608
1993-08-31,3.4463,3.8468,4.2063,4.524,4.802,5.0439,5.2538,5.4356,5.5932,5.7302,5.8494,5.9537,6.0452,6.1258,6.1971,6.2605,6.3172,6.3679,6.4137,6.455,6.4926,6.5269,6.5582,6.587,6.6135,6.6379,6.6606,6.6817,6.7013,6.7196
1993-07-31,3.6006,4.1154,4.5364,4.8834,5.172,5.4139,5.6184,5.7926,5.9423,6.0717,6.1845,6.2834,6.3706,6.4481,6.5172,6.5791,6.6349,6.6854,6.7312,6.773,6.8112,6.8463,6.8786,6.9084,6.9359,6.9615,6.9852,7.0074,7.0281,7.0474
1993-06-30,3.5494,4.0234,4.4287,4.777,5.0776,5.3382,5.5651,5.7634,5.9375,6.0909,6.2266,6.3471,6.4544,6.5504,6.6365,6.7141,6.7841,6.8476,6.9054,6.958,7.0061,7.0503,7.0909,7.1283,7.163,7.195,7.2249,7.2526,7.2785,7.3027
1993-05-31,3.6388,4.2039,4.6737,5.0673,5.3994,5.6817,5.923,6.1305,6.3098,6.4656,6.6017,6.721,6.8262,6.9194,7.0022,7.0761,7.1424,7.2021,7.2561,7.305,7.3496,7.3903,7.4276,7.4619,7.4935,7.5227,7.5499,7.5751,7.5985,7.6205
1993-04-30,3.3002,3.7927,4.3073,4.7812,5.1932,5.5416,5.8327,6.0749,6.2768,6.446,6.5887,6.71,6.814,6.9039,6.9822,7.051,7.1118,7.1659,7.2144,7.258,7.2975,7.3334,7.3662,7.3963,7.424,7.4495,7.4732,7.4951,7.5156,7.5347
1993-03-31,3.4142,3.9615,4.4798,4.9391,5.3328,5.6645,5.942,6.1737,6.3678,6.531,6.6693,6.7872,6.8885,6.9764,7.053,7.1204,7.18,7.2331,7.2806,7.3235,7.3623,7.3976,7.4298,7.4593,7.4865,7.5116,7.5348,7.5564,7.5765,7.5952
1993-02-28,3.3811,3.9242,4.4457,4.9088,5.3046,5.6365,5.9128,6.1424,6.3338,6.4942,6.6296,6.7448,6.8437,6.9292,7.0037,7.0692,7.1271,7.1786,7.2248,7.2664,7.304,7.3382,7.3695,7.3981,7.4245,7.4488,7.4714,7.4923,7.5118,7.5299
1993-01-31,3.5368,4.1924,4.7725,5.2618,5.6649,5.994,6.2622,6.4816,6.6622,6.8122,6.938,7.0445,7.1355,7.214,7.2824,7.3423,7.3953,7.4424,7.4846,7.5226,7.557,7.5882,7.6168,7.6429,7.667,7.6892,7.7098,7.7289,7.7467,7.7633
1992-12-31,3.7304,4.5052,5.1804,5.7107,6.1137,6.4189,6.6524,6.8342,6.9783,7.0947,7.1905,7.2705,7.3383,7.3964,7.4468,7.4909,7.5298,7.5644,7.5954,7.6232,7.6484,7.6714,7.6923,7.7115,7.7291,7.7454,7.7605,7.7745,7.7875,7.7997
1992-11-30,4.0138,4.8343,5.4837,5.982,6.3612,6.6514,6.8759,7.0523,7.1933,7.3078,7.4022,7.4814,7.5485,7.6061,7.656,7.6998,7.7384,7.7727,7.8034,7.831,7.856,7.8788,7.8995,7.9186,7.9361,7.9522,7.9672,7.9811,7.994,8.0061
1992-10-31,3.7228,4.4577,5.0931,5.6186,6.0448,6.388,6.6647,6.889,7.0725,7.2241,7.3507,7.4575,7.5486,7.6271,7.6954,7.7552,7.8081,7.8551,7.8971,7.935,7.9693,8.0004,8.0289,8.055,8.079,8.1011,8.1216,8.1407,8.1584,8.175
1992-09-30,3.2185,3.8673,4.4476,4.965,5.4243,5.8303,6.1875,6.4997,6.7709,7.0045,7.2039,7.3721,7.5119,7.626,7.7168,7.7866,7.8375,7.8714,7.8901,7.8953,7.8885,7.8711,7.8445,7.8099,7.7683,7.7207,7.6682,7.6116,7.5515,7.4889
1992-08-31,3.5635,4.2091,4.7805,5.2843,5.7263,6.1122,6.4472,6.7358,6.9826,7.1916,7.3665,7.5108,7.6276,7.7199,7.7904,7.8414,7.8754,7.8942,7.9,7.8943,7.8789,7.8551,7.8243,7.7876,7.7462,7.7011,7.6531,7.6031,7.5517,7.4998
1992-07-31,3.7418,4.4285,5.0116,5.5044,5.919,6.2659,6.5547,6.7935,6.9898,7.15,7.2798,7.3841,7.4674,7.5334,7.5854,7.6264,7.6588,7.6847,7.706,7.7243,7.7408,7.7567,7.773,7.7903,7.8093,7.8306,7.8544,7.8811,7.911,7.9441
1992-06-30,4.1684,4.8597,5.4456,5.9401,6.3553,6.7021,6.99,7.2273,7.4213,7.5786,7.7048,7.8047,7.8827,7.9425,7.9873,8.02,8.043,8.0583,8.0678,8.0729,8.0749,8.0749,8.0739,8.0725,8.0714,8.0711,8.072,8.0744,8.0786,8.0847
1992-05-31,4.3456,5.1487,5.7815,6.2776,6.6647,6.9653,7.1977,7.3766,7.514,7.6194,7.7005,7.7634,7.8128,7.8526,7.8857,7.9142,7.94,7.9643,7.9879,8.0117,8.036,8.0611,8.0872,8.1143,8.1424,8.1716,8.2016,8.2324,8.2639,8.2959
1992-04-30,4.4876,5.3897,6.0771,6.5971,6.9874,7.278,7.4926,7.6499,7.7647,7.8484,7.9099,7.9559,7.9916,8.0208,8.0464,8.0705,8.0944,8.1193,8.1456,8.1737,8.2038,8.2358,8.2698,8.3055,8.3426,8.3811,8.4206,8.461,8.5019,8.5433
1992-03-31,4.7632,5.6244,6.2605,6.7265,7.0651,7.309,7.4835,7.6077,7.6961,7.7596,7.8062,7.8418,7.8708,7.8961,7.9198,7.9434,7.9678,7.9933,8.0203,8.0489,8.0789,8.1101,8.1425,8.1757,8.2096,8.244,8.2785,8.3131,8.3475,8.3816
1992-02-29,4.5073,5.2683,5.8719,6.3475,6.7196,7.0085,7.2309,7.4007,7.5291,7.6253,7.6969,7.75,7.7893,7.8189,7.8417,7.8603,7.8764,7.8915,7.9066,7.9226,7.9399,7.959,7.98,8.0029,8.028,8.055,8.0839,8.1145,8.1467,8.1803
1992-01-31,4.4268,5.1582,5.7552,6.24,6.6311,6.9445,7.1936,7.3898,7.5428,7.6606,7.7501,7.817,7.866,7.9011,7.9255,7.942,7.9526,7.9593,7.9634,7.9661,7.9683,7.9706,7.9737,7.9778,7.9833,7.9904,7.9991,8.0095,8.0216,8.0354
1991-12-31,4.2323,4.8144,5.3089,5.727,6.0788,6.3733,6.6186,6.8216,6.9886,7.1252,7.2362,7.326,7.3983,7.4565,7.5033,7.5414,7.5728,7.5995,7.623,7.6448,7.666,7.6876,7.7103,7.735,7.762,7.7919,7.825,7.8615,7.9017,7.9455
1991-11-30,4.8418,5.3943,5.8738,6.2881,6.6443,6.9487,7.2073,7.4254,7.6076,7.7583,7.8814,7.9803,8.0583,8.118,8.1622,8.193,8.2124,8.2223,8.2244,8.22,8.2104,8.1968,8.1801,8.1612,8.141,8.12,8.0989,8.0782,8.0582,8.0394
1991-10-31,5.2173,5.7006,6.12,6.4828,6.7951,7.0626,7.2903,7.4827,7.6439,7.7774,7.8864,7.9738,8.0422,8.0938,8.1307,8.1547,8.1673,8.17,8.1642,8.1508,8.131,8.1056,8.0754,8.0411,8.0033,7.9625,7.9194,7.8742,7.8273,7.7791
1991-09-30,5.5314,5.9952,6.3804,6.6993,6.9627,7.1793,7.3568,7.5014,7.6186,7.7129,7.788,7.8472,7.8932,7.9281,7.9539,7.972,7.9839,7.9906,7.9929,7.9917,7.9876,7.981,7.9723,7.962,7.9502,7.9373,7.9233,7.9085,7.8929,7.8766
1991-08-31,5.7976,6.2962,6.7071,7.0442,7.3192,7.542,7.7211,7.8636,7.9755,8.0619,8.127,8.1746,8.2076,8.2286,8.2397,8.2428,8.2392,8.2303,8.217,8.2003,8.1808,8.1591,8.1357,8.111,8.0853,8.0588,8.0317,8.0043,7.9766,7.9488
1991-07-31,6.2077,6.7541,7.1694,7.4852,7.7257,7.909,8.0491,8.1562,8.2383,8.3012,8.3493,8.3859,8.4134,8.4338,8.4483,8.4579,8.4634,8.4653,8.4641,8.46,8.4534,8.4444,8.4331,8.4198,8.4045,8.3873,8.3684,8.3478,8.3255,8.3019
1991-06-30,6.3303,6.9265,7.3366,7.6358,7.8631,8.0397,8.1786,8.288,8.3737,8.4401,8.4905,8.5275,8.5534,8.5699,8.5785,8.5805,8.5771,8.5691,8.5573,8.5424,8.525,8.5055,8.4845,8.4622,8.439,8.4152,8.3908,8.3663,8.3416,8.3169
1991-05-31,6.2288,6.7587,7.1329,7.4155,7.6375,7.8156,7.9597,8.0762,8.1701,8.2448,8.3032,8.3479,8.3807,8.4033,8.4174,8.424,8.4244,8.4194,8.4099,8.3966,8.3802,8.3611,8.3399,8.3169,8.2926,8.2672,8.241,8.2141,8.1869,8.1595
1991-04-30,6.2454,6.7814,7.1516,7.4196,7.6224,7.7819,7.9106,8.0162,8.1031,8.1745,8.2323,8.278,8.3129,8.3379,8.354,8.3621,8.3629,8.3572,8.3458,8.3292,8.308,8.2829,8.2543,8.2226,8.1884,8.152,8.1138,8.074,8.033,7.9911
1991-03-31,6.425,6.9488,7.3059,7.5541,7.7317,7.8634,7.9653,8.0475,8.1161,8.1748,8.2255,8.2695,8.3071,8.3387,8.3641,8.3835,8.3967,8.4037,8.4047,8.3997,8.3889,8.3725,8.3507,8.3237,8.2918,8.2554,8.2147,8.17,8.1216,8.0698
1991-02-28,6.5403,6.9315,7.2247,7.4493,7.6257,7.7676,7.8843,7.9821,8.0649,8.1356,8.1959,8.2468,8.289,8.3231,8.3494,8.3682,8.3798,8.3844,8.3823,8.3737,8.3589,8.3383,8.3122,8.2809,8.2447,8.204,8.159,8.1102,8.0578,8.0022
1991-01-31,6.673,6.9873,7.2334,7.434,7.6021,7.7457,7.8692,7.9756,8.0665,8.1434,8.2073,8.2591,8.2998,8.33,8.3508,8.3629,8.367,8.3639,8.3544,8.339,8.3185,8.2934,8.2643,8.2316,8.1959,8.1575,8.1169,8.0745,8.0304,7.985
1990-12-31,6.9164,7.1467,7.3515,7.5328,7.6923,7.8318,7.9529,8.0569,8.1453,8.2193,8.28,8.3285,8.3659,8.393,8.4107,8.4199,8.4212,8.4154,8.4031,8.3848,8.3612,8.3327,8.2997,8.2629,8.2224,8.1787,8.1322,8.0831,8.0318,7.9784
1990-11-30,7.3225,7.4825,7.6276,7.7586,7.8762,7.9813,8.0746,8.1569,8.2287,8.2907,8.3435,8.3877,8.4237,8.4522,8.4735,8.4882,8.4967,8.4993,8.4964,8.4885,8.4759,8.4588,8.4377,8.4127,8.3842,8.3524,8.3176,8.2799,8.2397,8.1971
1990-10-31,7.4891,7.6884,7.8683,8.0299,8.1744,8.3029,8.4163,8.5157,8.6019,8.6758,8.7383,8.79,8.8317,8.864,8.8877,8.9032,8.9112,8.9122,8.9067,8.8951,8.878,8.8557,8.8286,8.7971,8.7616,8.7223,8.6796,8.6337,8.585,8.5337
1990-09-30,7.7136,7.9191,8.1007,8.2608,8.4012,8.5238,8.6301,8.7215,8.7994,8.8648,8.9187,8.9622,8.9961,9.021,9.0378,9.0471,9.0494,9.0453,9.0353,9.0199,8.9995,8.9744,8.9451,8.9119,8.8751,8.8351,8.792,8.7461,8.6978,8.6471
1990-08-31,7.8078,8.0148,8.1896,8.3363,8.463,8.5734,8.6699,8.754,8.8266,8.8887,8.941,8.9842,9.019,9.0458,9.0653,9.0779,9.084,9.0841,9.0787,9.068,9.0524,9.0323,9.008,8.9798,8.948,8.9128,8.8745,8.8333,8.7895,8.7433
1990-07-31,7.6891,7.8023,7.9024,7.99,8.0672,8.1354,8.1954,8.2479,8.2934,8.3322,8.3649,8.3917,8.413,8.4292,8.4404,8.4471,8.4494,8.4476,8.4419,8.4327,8.4201,8.4043,8.3855,8.3639,8.3396,8.313,8.284,8.2529,8.2198,8.1848
1990-06-30,7.9659,8.0944,8.1815,8.2449,8.2917,8.3259,8.3504,8.3673,8.3785,8.3853,8.3886,8.3894,8.3882,8.3856,8.3819,8.3775,8.3726,8.3674,8.362,8.3566,8.3512,8.3459,8.3407,8.3357,8.3308,8.3261,8.3216,8.3173,8.3132,8.3093
1990-05-31,8.1363,8.3009,8.4012,8.4568,8.4881,8.5058,8.5157,8.5208,8.5232,8.5239,8.5236,8.5229,8.5219,8.5207,8.5196,8.5184,8.5173,8.5163,8.5154,8.5145,8.5137,8.513,8.5123,8.5117,8.5111,8.5106,8.5101,8.5096,8.5092,8.5088
1990-04-30,8.5684,8.7799,8.8629,8.8956,8.9093,8.9156,8.919,8.921,8.9225,8.9235,8.9244,8.9251,8.9257,8.9262,8.9267,8.927,8.9274,8.9277,8.928,8.9282,8.9284,8.9286,8.9288,8.929,8.9291,8.9293,8.9294,8.9295,8.9296,8.9297
1990-03-31,8.3192,8.4778,8.542,8.5639,8.5698,8.5701,8.5687,8.567,8.5654,8.564,8.5628,8.5618,8.561,8.5602,8.5596,8.559,8.5585,8.5581,8.5577,8.5573,8.557,8.5567,8.5565,8.5562,8.556,8.5558,8.5556,8.5554,8.5553,8.5551
1990-02-28,8.0925,8.2517,8.3358,8.381,8.4082,8.4263,8.4392,8.4489,8.4564,8.4624,8.4673,8.4714,8.4748,8.4778,8.4804,8.4826,8.4846,8.4864,8.4879,8.4894,8.4907,8.4918,8.4929,8.4939,8.4948,8.4956,8.4964,8.4971,8.4977,8.4984
1990-01-31,8.0998,8.1567,8.2178,8.262,8.2924,8.3137,8.3292,8.3409,8.35,8.3573,8.3632,8.3682,8.3724,8.376,8.3791,8.3819,8.3843,8.3864,8.3883,8.39,8.3916,8.393,8.3943,8.3955,8.3966,8.3976,8.3985,8.3994,8.4002,8.401
1989-12-31,7.8239,7.7684,7.7751,7.8013,7.8299,7.855,7.8751,7.8906,7.9022,7.9107,7.9168,7.9211,7.924,7.9258,7.9268,7.9272,7.9271,7.9267,7.926,7.9252,7.9242,7.9231,7.922,7.9208,7.9197,7.9185,7.9174,7.9164,7.9154,7.9144
1989-11-30,7.6894,7.6211,7.6458,7.6893,7.7277,7.7558,7.7745,7.7862,7.7933,7.7975,7.8003,7.8026,7.8048,7.8075,7.8107,7.8147,7.8195,7.8251,7.8314,7.8385,7.8462,7.8546,7.8634,7.8728,7.8825,7.8926,7.903,7.9136,7.9244,7.9354
1989-10-31,7.8536,7.7494,7.7562,7.7853,7.8168,7.8449,7.8682,7.8864,7.8998,7.9089,7.9143,7.9164,7.9157,7.9128,7.9079,7.9015,7.8938,7.8851,7.8756,7.8655,7.8549,7.8441,7.8331,7.8219,7.8108,7.7997,7.7887,7.7778,7.7672,7.7567
1989-09-30,8.3863,8.2843,8.2628,8.2625,8.2656,8.2674,8.2667,8.2635,8.2583,8.2513,8.2431,8.234,8.2243,8.2143,8.2042,8.1942,8.1843,8.1746,8.1652,8.1562,8.1475,8.1393,8.1313,8.1238,8.1166,8.1098,8.1034,8.0973,8.0915,8.086
1989-08-31,8.2914,8.2218,8.1865,8.1781,8.1794,8.1832,8.1866,8.1885,8.1887,8.1871,8.1841,8.1798,8.1743,8.168,8.1611,8.1536,8.1458,8.1378,8.1296,8.1214,8.1132,8.105,8.097,8.0892,8.0815,8.0741,8.0668,8.0598,8.0531,8.0465
1989-07-31,7.6449,7.4532,7.4244,7.4596,7.5167,7.5788,7.6386,7.6932,7.7414,7.7831,7.8182,7.8471,7.8703,7.8882,7.9014,7.9103,7.9154,7.917,7.9155,7.9114,7.905,7.8965,7.8861,7.8743,7.8611,7.8468,7.8315,7.8155,7.7988,7.7816
1989-06-30,8.1332,7.9588,7.9246,7.9445,7.9783,8.0116,8.0395,8.0605,8.0745,8.0823,8.0844,8.0816,8.0748,8.0646,8.0516,8.0365,8.0196,8.0014,7.9822,7.9624,7.9421,7.9216,7.901,7.8806,7.8603,7.8403,7.8207,7.8014,7.7827,7.7644
1989-05-31,8.7979,8.6589,8.5981,8.5711,8.5565,8.5467,8.5384,8.5307,8.5229,8.5151,8.5072,8.4993,8.4915,8.4838,8.4762,8.4689,8.4618,8.455,8.4484,8.4422,8.4363,8.4307,8.4253,8.4203,8.4155,8.4109,8.4066,8.4026,8.3987,8.3951
1989-04-30,9.1162,9.0427,8.967,8.9313,8.919,8.916,8.9152,8.9132,8.9086,8.9012,8.891,8.8784,8.8638,8.8475,8.8299,8.8114,8.7923,8.7727,8.753,8.7333,8.7137,8.6944,8.6754,8.6568,8.6387,8.6211,8.604,8.5875,8.5715,8.5561
1989-03-31,9.6584,9.5663,9.4589,9.3813,9.3174,9.26,9.2071,9.1585,9.1141,9.0739,9.0377,9.0053,8.9762,8.9502,8.9269,8.906,8.8872,8.8703,8.855,8.8411,8.8284,8.8169,8.8063,8.7966,8.7876,8.7793,8.7716,8.7645,8.7579,8.7517
1989-02-28,9.3962,9.3649,9.3066,9.2727,9.2516,9.2338,9.2152,9.1944,9.1716,9.1471,9.1216,9.0955,9.0693,9.0435,9.0182,8.9937,8.9702,8.9476,8.9261,8.9057,8.8863,8.868,8.8507,8.8344,8.819,8.8045,8.7908,8.7779,8.7657,8.7542
1989-01-31,8.9319,8.9331,8.9078,8.8936,8.8862,8.8797,8.871,8.8593,8.8444,8.827,8.8075,8.7866,8.7648,8.7426,8.7202,8.698,8.6763,8.655,8.6345,8.6146,8.5956,8.5774,8.56,8.5435,8.5277,8.5127,8.4985,8.485,8.4722,8.46
1988-12-31,8.9648,8.9718,8.9671,8.9842,9.0037,9.0177,9.0243,9.024,9.0176,9.0064,8.9915,8.9737,8.954,8.933,8.9112,8.8891,8.867,8.845,8.8235,8.8026,8.7823,8.7628,8.744,8.7259,8.7087,8.6922,8.6765,8.6616,8.6473,8.6338
1988-11-30,8.611,8.6901,8.6987,8.7266,8.7723,8.825,8.8769,8.924,8.9646,8.9978,9.0239,9.0432,9.0562,9.0634,9.0656,9.0633,9.0571,9.0474,9.0349,9.0197,9.0025,8.9835,8.963,8.9413,8.9187,8.8953,8.8714,8.8471,8.8225,8.7978
1988-10-31,7.9655,8.0897,8.1223,8.1745,8.2532,8.3457,8.4402,8.5292,8.6085,8.6762,8.7317,8.7752,8.8074,8.829,8.841,8.8444,8.84,8.8289,8.8117,8.7894,8.7625,8.7317,8.6977,8.6608,8.6217,8.5807,8.5381,8.4944,8.4497,8.4045
1988-09-30,8.1109,8.2847,8.3533,8.4226,8.5027,8.5871,8.6691,8.7448,8.8121,8.8704,8.9196,8.96,8.9921,9.0167,9.0343,9.0456,9.0513,9.052,9.0482,9.0405,9.0293,9.0152,8.9984,8.9793,8.9584,8.9358,8.9118,8.8867,8.8606,8.8338
1988-08-31,8.2886,8.5442,8.6483,8.7329,8.8238,8.9193,9.0132,9.1005,9.1781,9.2447,9.2999,9.3438,9.377,9.4003,9.4146,9.4207,9.4196,9.4119,9.3986,9.3802,9.3575,9.331,9.3014,9.269,9.2343,9.1977,9.1596,9.1203,9.08,9.0389
1988-07-31,7.9176,8.2453,8.3927,8.5016,8.6179,8.7492,8.8896,9.0304,9.1638,9.284,9.3874,9.4719,9.5369,9.5824,9.6092,9.6182,9.6108,9.5884,9.5523,9.5039,9.4447,9.3758,9.2985,9.2139,9.1229,9.0267,8.9258,8.8213,8.7137,8.6038
1988-06-30,7.5141,7.8851,8.0526,8.1947,8.3368,8.4747,8.6022,8.7155,8.8132,8.8949,8.9615,9.0139,9.0534,9.0811,9.0983,9.1062,9.106,9.0985,9.0847,9.0654,9.0415,9.0136,8.9823,8.9481,8.9115,8.8731,8.833,8.7918,8.7496,8.7067
1988-05-31,7.6423,8.0896,8.3084,8.4868,8.6557,8.814,8.9571,9.0825,9.1893,9.2778,9.3492,9.4049,9.4462,9.4747,9.4917,9.4987,9.4969,9.4873,9.4711,9.4491,9.4221,9.391,9.3563,9.3187,9.2786,9.2366,9.1931,9.1483,9.1027,9.0564
1988-04-30,7.0981,7.5955,7.8813,8.0919,8.279,8.4582,8.6305,8.7923,8.9394,9.0687,9.1783,9.2673,9.3356,9.3839,9.4132,9.4249,9.4202,9.4007,9.3679,9.3231,9.2677,9.203,9.1302,9.0503,8.9644,8.8733,8.7779,8.679,8.5772,8.4732
1988-03-31,6.8459,7.2929,7.5727,7.807,8.0204,8.2142,8.386,8.5346,8.6599,8.7629,8.8453,8.9087,8.9551,8.9864,9.0042,9.0102,9.0058,8.9926,8.9715,8.9438,8.9105,8.8724,8.8303,8.7849,8.7367,8.6864,8.6345,8.5812,8.527,8.4723
1988-02-29,6.6361,7.0214,7.2577,7.4447,7.6181,7.7868,7.9493,8.1016,8.2398,8.361,8.4636,8.547,8.6112,8.657,8.6854,8.6975,8.6948,8.6785,8.6502,8.6109,8.562,8.5047,8.44,8.3689,8.2924,8.2112,8.1261,8.0378,7.9469,7.854
1988-01-31,6.777,7.1331,7.371,7.566,7.746,7.9182,8.0814,8.2323,8.3673,8.4841,8.5811,8.6578,8.7145,8.7519,8.7711,8.7735,8.7604,8.7332,8.6935,8.6425,8.5817,8.5122,8.4352,8.3517,8.2627,8.1691,8.0717,7.9712,7.8683,7.7634
1987-12-31,7.2328,7.6822,7.9454,8.1714,8.368,8.535,8.6738,8.787,8.8774,8.9478,9.0005,9.0381,9.0625,9.0756,9.079,9.0743,9.0626,9.0451,9.0226,8.9962,8.9665,8.9342,8.8997,8.8637,8.8264,8.7883,8.7496,8.7106,8.6715,8.6326
1987-11-30,7.1073,7.6733,8.0293,8.3007,8.5138,8.6802,8.81,8.912,8.9932,9.059,9.1131,9.1583,9.1965,9.2294,9.2578,9.2827,9.3047,9.3242,9.3417,9.3574,9.3717,9.3846,9.3964,9.4072,9.4172,9.4264,9.4349,9.4428,9.4502,9.4571
1987-10-31,7.0578,7.6441,8.0177,8.2925,8.4963,8.6477,8.7614,8.8488,8.9173,8.9724,9.0175,9.0552,9.087,9.1143,9.138,9.1587,9.1769,9.1932,9.2077,9.2208,9.2326,9.2434,9.2532,9.2622,9.2705,9.2781,9.2852,9.2918,9.2979,9.3036
1987-09-30,7.8631,8.4541,8.7799,8.997,9.162,9.2956,9.4064,9.499,9.5766,9.6419,9.6971,9.7441,9.7844,9.8192,9.8495,9.8761,9.8997,9.9206,9.9393,9.9562,9.9714,9.9853,9.998,10.0096,10.0203,10.0301,10.0393,10.0477,10.0556,10.063
1987-08-31,7.2432,7.773,8.1041,8.3356,8.5122,8.6544,8.7722,8.8714,8.9554,9.0271,9.0885,9.1413,9.1871,9.2269,9.2618,9.2925,9.3197,9.344,9.3658,9.3854,9.4031,9.4193,9.434,9.4476,9.46,9.4715,9.4821,9.492,9.5012,9.5098
1987-07-31,6.9092,7.4298,7.77,8.0134,8.2006,8.3519,8.4779,8.5847,8.6759,8.7543,8.8221,8.8808,8.932,8.9768,9.0162,9.0511,9.0821,9.1098,9.1346,9.157,9.1773,9.1958,9.2127,9.2282,9.2425,9.2556,9.2678,9.2791,9.2896,9.2995
1987-06-30,6.9199,7.36,7.646,7.8547,8.0186,8.1524,8.2634,8.3562,8.4342,8.5002,8.5562,8.604,8.6452,8.6809,8.712,8.7394,8.7636,8.7852,8.8045,8.8219,8.8376,8.8519,8.865,8.877,8.888,8.8982,8.9076,8.9164,8.9245,8.9321
